timestamp_now1,timestamp_start1,callback1,timestamp_now2,timestamp_start2,callback2,timestamp_now3,timestamp_start3,callback3,timestamp_now4,timestamp_start4,callback4,timestamp_now5,timestamp_start5,callback5,timestamp_now6,timestamp_start6,callback6,timestamp_now7,timestamp_start7,callback7,timestamp_now8,timestamp_start8,callback8
1642407544.277178287,1642407544.2864712960,0.2330859,1642407544.462423041,1642407544.2983460802,0.27848,1642407544.573978972,1642407544.2878045665,0.11640,1642407544.669192776,1642407544.2891875709,0.39976,1642407544.692475192,1642407544.3076395115,0.57263,1642407544.826131364,1642407544.2881225019,0.45639,1642407544.836058149,1642407544.3187340682,0.16857,1642407544.850807073,1642407544.3281258301,0.14153
1642407544.972375743,1642407544.2922601247,0.14021,1642407545.014883824,1642407544.3384774295,0.19006,1642407545.087956424,1642407544.2905081786,0.44103,1642407545.196549455,1642407544.2964480685,0.56180,1642407545.217773937,1642407544.3492967515,0.99264,1642407545.322021852,1642407544.3100821138,0.88863,1642407545.422305842,1642407544.3151156497,0.82104,1642407545.499291453,1642407544.3120347272,0.68168
1642407545.600630395,1642407544.3012589894,0.91954,1642407545.614923549,1642407544.3565816413,0.46800,1642407545.625288659,1642407545.3697856100,0.84634,1642407545.641809938,1642407545.3783707016,0.63328,1642407545.754447350,1642407544.3161751478,0.52395,1642407545.873259490,1642407544.3187216255,0.123731,1642407545.894159326,1642407545.3870263107,0.149304,1642407545.909798396,1642407545.3983007632,0.71721
1642407546.005379122,1642407544.3196604508,0.56448,1642407546.111644077,1642407544.3336278111,0.59760,1642407546.237195484,1642407544.3385703149,0.45237,1642407546.339435201,1642407544.3388038009,0.47616,1642407546.442868905,1642407544.3302005284,0.53376,1642407546.467476065,1642407545.4091194353,0.60721,1642407546.491535140,1642407545.4174920125,0.55857,1642407546.496190505,1642407545.4288115871,0.50268
1642407546.501666875,1642407545.076482477,0.102076,1642407546.605789404,1642407544.3414062234,0.114706,1642407546.732883073,1642407544.3415171070,0.24206,1642407546.753379441,1642407545.179770260,0.62467,1642407546.888545441,1642407544.3451757312,0.56857,1642407546.980518376,1642407544.3560925731,0.122396,1642407547.032384274,1642407545.3641586705,0.55369,1642407547.174066692,1642407544.3552693349,0.68554
1642407547.211848522,1642407545.292614101,0.53955,1642407547.308379666,1642407545.3704313341,0.15792,1642407547.317816270,1642407546.392641512,0.44709,1642407547.327702413,1642407546.483334629,0.43954,1642407547.338205045,1642407546.579958840,0.72713,1642407547.344585781,1642407546.684793790,0.12592,1642407547.426272610,1642407545.3879968168,0.53952,1642407547.611116801,1642407545.3645123931,0.48681
1642407547.713705406,1642407545.3765287551,0.97892,1642407547.850715553,1642407545.3703937394,0.97235,1642407547.990632769,1642407545.3631904023,0.69130,1642407548.094364381,1642407545.3791525055,0.86428,1642407548.101144459,1642407546.772424887,0.78623,1642407548.177573912,1642407545.3971531291,0.49758,1642407548.186569716,1642407546.884830190,0.55627,1642407548.190773025,1642407546.986672518,0.57180
1642407548.200305470,1642407546.1078533435,0.43169,1642407548.206246385,1642407546.1185607414,0.122270,1642407548.304369442,1642407545.3961216234,0.53726,1642407548.447780677,1642407545.4110242245,0.201209,1642407548.719283335,1642407545.3890572926,0.55694,1642407548.848795932,1642407545.3866422250,0.50712,1642407549.024754999,1642407545.4055125348,0.78319,1642407549.041072191,1642407546.1302267548,0.53699
1642407549.099928016,1642407545.3995709442,0.97261,1642407549.136019784,1642407547.1376455175,0.67852,1642407549.262074627,1642407545.4193436452,0.69763,1642407549.281318965,1642407547.1480944718,0.46673,1642407549.295444660,1642407547.1602535491,0.67204,1642407549.308624035,1642407547.1705176088,0.58795,1642407549.430043125,1642407545.064514942,0.59846,1642407549.548133429,1642407545.4214039869,0.51708
1642407549.639285343,1642407545.4091419435,0.61074,1642407549.774388968,1642407545.4131178110,0.78563,1642407549.797105902,1642407547.1802110472,0.47395,1642407549.939906533,1642407545.4218325058,0.69770,1642407549.973794137,1642407547.1894926135,0.46407,1642407562.536916969,1642407545.010704341,0.52046,1642407562.542579441,1642407547.1986515699,0.47239,1642407562.573493080,1642407545.122386671,0.102205
1642407562.578512336,1642407547.2095350730,0.72946,1642407562.581602390,1642407547.2181177816,0.51345,1642407562.612297069,1642407545.308408001,0.61900,1642407562.616527159,1642407547.2285621796,0.77388,1642407562.647423272,1642407545.151333665,0.20732,1642407562.680701147,1642407545.083576015,0.80858,1642407562.714488487,1642407545.171429231,0.18817,1642407562.747724270,1642407545.077973980,0.130880
1642407562.753501262,1642407548.2381339678,0.76022,1642407562.756788340,1642407548.2490695501,0.73683,1642407562.787351155,1642407545.283328898,0.62354,1642407562.793366749,1642407548.2589900973,0.149890,1642407562.823273559,1642407546.346843775,0.44521,1642407562.827965062,1642407548.2682970912,0.40730,1642407562.856947062,1642407546.547146749,0.39495,1642407562.861762741,1642407548.2775217821,0.63660
1642407562.890778907,1642407546.429255031,0.54536,1642407562.921631174,1642407546.396975905,0.70771,1642407562.956962666,1642407545.326154202,0.59387,1642407562.964334213,1642407548.2870772873,0.82310,1642407562.996102024,1642407545.300714997,0.54551,1642407563.027288887,1642407546.520830568,0.79628,1642407563.032188447,1642407548.3034591829,0.66039,1642407563.034021228,1642407548.3071989538,0.40332
1642407563.060922064,1642407546.795477811,0.47824,1642407563.090818854,1642407546.570924706,0.66306,1642407563.120919218,1642407546.784177689,0.41398,1642407563.150332802,1642407546.660888924,0.19845,1642407563.693950060,1642407546.1023285378,0.52311,1642407563.730975086,1642407546.1295446044,0.64708,1642407563.778678585,1642407547.1560976183,0.73912,1642407563.836281398,1642407547.1900600450,0.48251
1642407563.881918450,1642407547.2231630187,0.46126,1642407563.929410563,1642407546.604340336,0.67453,1642407563.970606436,1642407548.2509575324,0.49479,1642407564.032871773,1642407546.862603615,0.63647,1642407564.084670505,1642407546.1074449196,0.47704,1642407564.131053903,1642407548.2824710039,0.38883,1642407564.176141181,1642407546.1296458876,0.53588,1642407564.228179375,1642407549.3378064605,0.49790
1642407564.289086637,1642407549.3701225198,0.55020,1642407564.343671985,1642407547.1632653584,0.86713,1642407564.423636903,1642407547.1919741994,0.67396,1642407564.512378380,1642407549.4044058709,0.85549,1642407564.588419861,1642407547.2229166762,0.60613,1642407564.640287813,1642407549.018771986,0.56614,1642407564.723096177,1642407546.1032141229,0.73935,1642407564.804373373,1642407548.2469368443,0.63997
1642407564.908701985,1642407555.1731156570,0.60355,1642407564.929615460,1642407548.3170538335,0.55838,1642407565.021882623,1642407546.1298799526,0.52683,1642407565.034046751,1642407548.3262343099,0.14322,1642407565.116559375,1642407546.749985740,0.24843,1642407565.219394271,1642407546.618055787,0.10024,1642407571.675819513,1642407548.2829943959,0.61500,1642407571.685161863,1642407549.3385276858,0.55986
1642407571.689243762,1642407549.3474069056,0.44832,1642407571.741561479,1642407559.463205760,0.43883,1642407571.749314094,1642407549.3590855096,0.47501,1642407571.792096379,1642407546.850752414,0.54281,1642407571.800760982,1642407549.3683341784,0.44952,1642407571.842652787,1642407546.955042846,0.77287,1642407571.892908453,1642407547.1554761866,0.66633,1642407571.901521088,1642407549.3794652855,0.38039
1642407571.954054887,1642407546.1111122167,0.98163,1642407572.004318417,1642407546.910653062,0.12835,1642407572.012604382,1642407549.3893535589,0.20684,1642407572.057877111,1642407549.3398841896,0.78288,1642407572.065622843,1642407549.3991661579,0.44045,1642407572.101745223,1642407563.962295089,0.77219,1642407572.111728286,1642407549.4073547085,0.118076,1642407572.169574032,1642407546.1152955435,0.38957
1642407572.180999851,1642407549.4184657805,0.111753,1642407572.236703837,1642407546.1236075014,0.77119,1642407572.286886215,1642407547.1780889775,0.85091,1642407572.298296911,1642407549.4294073624,0.49356,1642407572.338002909,1642407546.1207533247,0.52500,1642407572.401641160,1642407549.3869703238,0.54541,1642407585.397578470,1642407547.1482123516,0.48087,1642407585.431240801,1642407547.2003628357,0.69132
1642407585.471351792,1642407549.4166491830,0.44417,1642407585.510077370,1642407547.1863935800,0.13176,1642407585.555966955,1642407547.2256135382,0.56894,1642407585.593957410,1642407559.1275354960,0.61798,1642407585.632995429,1642407547.2113230780,0.56302,1642407585.672859998,1642407563.1071130363,0.56416,1642407585.715894197,1642407548.2542850562,0.13733,1642407585.750933413,1642407548.2350046221,0.57366
1642407585.791373523,1642407548.2787429675,0.76934,1642407586.317801234,1642407564.1260420321,0.49272,1642407586.356912590,1642407548.2696871523,0.45560,1642407586.401723455,1642407548.3194210508,0.52861,1642407586.435396917,1642407564.1444039872,0.11130,1642407586.470445235,1642407548.3120946053,0.9921,1642407586.499471171,1642407549.3524282975,0.9629,1642407586.528992352,1642407564.1716917438,0.21436
1642407586.561838981,1642407549.3585967348,0.56153,1642407586.612056796,1642407549.3815199140,0.83192,1642407586.663731830,1642407564.1952325810,0.66303,1642407586.713886315,1642407549.3892609855,0.60567,1642407586.764579210,1642407549.4092834311,0.147186,1642407586.843877121,1642407547.1374312916,0.87996,1642407586.896843785,1642407549.4138838071,0.50361,1642407586.957275056,1642407564.1168698305,0.60564
1642407587.007942509,1642407565.2198797321,0.44629,1642407587.059853376,1642407564.1646526281,0.74199,1642407587.115879373,1642407564.1971384928,0.40616,1642407587.162470778,1642407565.2189566030,0.42281,1642407587.216738344,1642407565.2415316558,0.79975,1642407587.267830542,1642407571.248433621,0.79663,1642407587.318559225,1642407571.474470990,0.90025,1642407587.363596871,1642407572.706601430,0.50194
1642407587.411982658,1642407572.951709580,0.80948,1642407587.463407053,1642407572.1486744425,0.46558,1642407587.513883415,1642407574.3386678916,0.41131,1642407587.565466910,1642407579.3449173262,0.160749,1642407587.623754638,1642407581.1584210109,0.45983,1642407587.682766534,1642407583.3621927244,0.42464,,,0.69318,,,0.56316
,,0.47774,,,0.55807,,,0.51054,,,0.66487,,,0.71096,,,0.63579,,,0.74323,,,0.71639
,,0.21658,,,0.50345,,,0.71038,,,0.23851,,,0.20130,,,0.55126,,,0.50505,,,0.60977
,,0.20368,,,0.53237,,,0.69785,,,0.99991,,,0.53773,,,0.69330,,,0.105382,,,0.59707
,,0.46492,,,0.108891,,,0.74118,,,0.51714,,,0.75776,,,0.50976,,,0.74107,,,0.65105
,,0.58731,,,0.45979,,,0.50265,,,0.53276,,,0.70426,,,0.39958,,,0.49921,,,0.60748
,,0.34200,,,0.57029,,,0.94206,,,0.65007,,,0.84256,,,0.103386,,,0.56589,,,0.64320
,,0.82864,,,0.67761,,,0.17531,,,0.15159,,,0.46732,,,0.76688,,,0.50865,,,0.46386
,,0.43827,,,0.59808,,,0.75156,,,0.100030,,,0.49628,,,0.17338,,,0.13958,,,0.70827
,,0.32965,,,0.72386,,,0.105115,,,0.91792,,,0.81667,,,0.51893,,,0.51992,,,0.64873
,,0.45641,,,0.58238,,,0.43178,,,0.11803,,,0.69816,,,0.36717,,,0.53922,,,0.47629
,,0.61614,,,0.48394,,,0.11546,,,0.67384,,,0.59305,,,0.110997,,,0.51748,,,0.40028
,,0.123486,,,0.18443,,,0.57146,,,0.29136,,,0.201590324,,,0.178168,,,0.54618,,,0.46839
,,0.48666,,,0.25655,,,0.29579,,,0.29081,,,0.30659,,,0.29470,,,0.33136,,,0.38376
,,0.31303,,,0.33117,,,0.45837,,,0.37408,,,0.32128,,,0.33558,,,0.35598,,,0.30472
,,0.27740,,,0.34107,,,0.23121,,,0.33945,,,0.29881,,,0.31977,,,0.30707,,,0.38632
,,0.34111,,,0.43156,,,0.36086,,,0.33098,,,0.35667,,,0.35886,,,0.49510,,,0.76028
,,0.72961,,,0.54607,,,0.118159,,,0.108000,,,0.45668,,,0.63919,,,0.64233,,,0.64355
,,0.52378,,,0.77610,,,0.75852,,,0.89554,,,0.57227,,,0.77927,,,0.75567,,,0.75489
,,0.94347,,,0.70972,,,0.78592,,,0.27190,,,0.10575,,,0.9885,,,0.10016,,,0.9856
,,0.9264,,,0.9043,,,0.8953,,,0.8878,,,0.9042,,,0.8964,,,0.8962,,,0.9369
,,0.9842,,,0.9189,,,0.9103,,,0.9420,,,0.9136,,,0.9163,,,0.9717,,,0.10506
,,0.9475,,,0.9267,,,0.18129,,,0.10586,,,0.9428,,,0.9231,,,0.10220,,,0.10117
,,0.9666,,,0.11074,,,0.9312,,,0.9290,,,0.9308,,,0.11267,,,0.73766,,,0.46993
,,0.105425,,,0.90190,,,0.49547,,,0.54361,,,0.51699,,,0.55821,,,0.54488,,,0.70604
,,0.57785,,,0.66653,,,0.71312,,,0.52571,,,0.39138,,,0.67448,,,0.35343,,,0.133820
,,0.42879,,,0.69698,,,0.54081,,,0.83739,,,0.60336,,,0.48741,,,0.58437,,,0.51164
,,0.106216,,,0.95849,,,0.50329,,,0.78132,,,0.48052,,,0.52531,,,0.62723,,,0.95543
,,0.11834,,,0.10831,,,0.49399,,,0.66212,,,0.47072,,,0.50417,,,0.41463,,,0.45847
,,0.59092,,,0.70117,,,0.43340,,,0.28403,,,0.188020,,,0.55631,,,0.35076,,,0.34784
,,0.31559,,,0.213506,,,0.34450,,,0.63495,,,0.108838,,,0.17683,,,0.108819,,,0.69761
,,0.71541,,,0.98665,,,0.65117,,,0.68515,,,0.65046,,,0.76857,,,0.92574,,,0.60945
,,0.76778,,,0.68337,,,0.74359,,,0.80931,,,0.68735,,,0.84887,,,0.14062,,,0.56609
,,0.91178,,,0.79639,,,0.68545,,,0.70938,,,0.61636,,,0.78000,,,0.80305,,,0.88681
,,0.61078,,,0.75379,,,0.72639,,,0.74002,,,0.262429,,,0.47695,,,0.47459,,,0.7601
,,0.67705,,,0.51249,,,0.47064,,,0.42678,,,0.187126,,,0.53907,,,0.91816,,,0.46885
,,0.42561,,,0.114692,,,0.207131,,,0.39082,,,0.63156,,,0.19784,,,0.38074,,,0.103155735
,,0.225090,,,0.75744,,,0.37773,,,0.53703,,,0.47818,,,0.10229,,,0.86567,,,0.44870
,,0.65786,,,0.76150,,,0.71768,,,0.74534,,,0.61254,,,0.51992,,,0.52393,,,0.55989
,,0.68421,,,0.34882,,,0.38300,,,0.72633,,,0.65178,,,0.40557,,,0.32686,,,0.32004
,,0.31781,,,0.32024,,,0.62777,,,0.60314,,,0.39407,,,0.57778,,,0.60394,,,0.33006
,,0.33413,,,0.55857,,,0.44803,,,0.82849,,,0.73869,,,0.84951,,,0.69314,,,0.80333
,,0.61334,,,0.47870,,,0.55879,,,0.105523,,,0.86167,,,0.93544,,,0.76734,,,0.97737
,,0.62657,,,0.54959,,,0.83399,,,0.67110,,,0.73877,,,0.79074,,,0.95946,,,0.91205
,,0.87480,,,0.90271,,,0.45509,,,0.66206,,,0.51066,,,0.86188,,,0.85177,,,0.62938
,,0.82056,,,0.64084,,,0.63501,,,0.51430,,,0.79924,,,0.72683,,,0.68691,,,0.56416739
,,0.37143,,,0.62673,,,0.103872,,,0.69307,,,0.85290,,,0.63754,,,0.61153,,,0.61133
,,0.78537,,,0.64868,,,0.59329,,,0.169829,,,0.44339,,,0.39372,,,0.34613,,,0.57208
,,0.42223,,,0.40504,,,0.41349,,,0.40564,,,0.36119,,,0.35054,,,0.34155,,,0.34908
,,0.38550,,,0.35172,,,0.31317,,,0.48101,,,0.35601,,,0.34018,,,0.32421,,,0.43953
,,0.48847,,,0.33580,,,0.197519,,,0.71096,,,0.63189,,,0.7481,,,0.52453,,,2.3095354
,,0.169158,,,0.60738,,,0.45589,,,0.42014,,,0.41332,,,0.41275,,,0.41379,,,0.41111
,,0.41721,,,0.44171,,,0.72515,,,0.45127,,,0.41360,,,0.41813,,,0.41559,,,0.41896
,,0.41495,,,0.41487,,,0.40624,,,0.41991,,,0.40687,,,0.40714,,,0.41142,,,0.40710
,,0.40771,,,0.41418,,,0.40547,,,0.40727,,,0.41183,,,0.40960,,,0.40782,,,0.42210
,,0.41668,,,0.63709,,,0.45153,,,0.41615,,,0.41752,,,0.40461,,,0.40946,,,0.41402
,,0.40778,,,0.40674,,,0.41475,,,0.42230,,,0.41282,,,0.40228,,,0.40390,,,0.40506
,,0.53026,,,0.42122,,,0.42198,,,0.41584,,,0.40543,,,0.40316,,,0.40433,,,0.40310
,,0.67140,,,0.45475,,,0.40839,,,0.1531809,,,0.1223712,,,0.1125028,,,0.1125980,,,0.1208061
,,0.1154972,,,0.231786,,,0.216454,,,0.275626,,,0.288594,,,0.622572247,,,0.37453,,,0.9443
,,0.8500,,,0.8661,,,0.9752,,,0.8570,,,0.9567,,,0.8246,,,0.8392,,,0.8255
,,0.8148,,,0.8420,,,0.8417,,,0.8279,,,0.8148,,,0.8147,,,0.8187,,,0.8091
,,0.8435,,,0.12902,,,0.8795,,,0.8309,,,0.8374,,,0.7890,,,0.8142,,,0.8174
,,0.8040,,,0.7959,,,0.8050,,,0.7984,,,0.7786,,,0.8369,,,0.8142,,,0.8489
,,0.7967,,,0.8004,,,0.8110,,,0.8110,,,0.7863,,,0.8297,,,0.8350,,,0.8083
,,0.11960,,,0.8798,,,0.8412,,,0.8001,,,0.8326,,,0.8248,,,0.8268,,,0.8660
,,0.8261,,,0.8285,,,0.8386,,,0.8539,,,0.8493,,,0.8690,,,0.8632,,,0.8199
,,0.8588,,,0.8242,,,0.8351,,,0.8225,,,0.8439,,,0.8796,,,0.8083,,,0.11506
,,0.8554,,,0.8554,,,0.8299,,,0.8280,,,0.7410,,,0.8091,,,0.8201,,,0.8290
,,0.8626,,,0.8814,,,0.8591,,,0.8120,,,0.8234,,,0.8499,,,0.17050,,,0.8704
,,0.8727,,,0.9270,,,0.8438,,,0.8477,,,0.8453,,,0.8602,,,0.11602,,,0.8875
,,0.8466,,,0.8503,,,0.8306,,,0.8105,,,0.9272,,,0.8298,,,0.8427,,,0.8280
,,0.8133,,,0.8360,,,0.8303,,,0.8180,,,0.8358,,,0.8511,,,0.8443,,,0.8603
,,0.8346,,,0.8236,,,0.8117,,,0.8177,,,0.8315,,,0.15069,,,0.9207,,,0.8098
,,0.8338,,,0.8187,,,0.8289,,,0.8562,,,0.8127,,,0.7939,,,0.8476,,,0.8736
,,0.8383,,,0.8343,,,0.8414,,,0.8125,,,0.8209,,,0.8120,,,0.8697,,,0.22202
,,0.8397,,,0.8434,,,0.8449,,,0.8408,,,0.11955,,,0.9133,,,0.8696,,,0.8362
,,0.8605,,,0.8739,,,0.8532,,,0.8982,,,0.8430,,,0.8741,,,0.8905,,,0.8877
,,0.8438,,,0.8320,,,0.8473,,,0.8500,,,0.8486,,,0.8690,,,0.8783,,,0.8652
,,0.8855,,,0.8428,,,0.11868,,,0.9470,,,0.8783,,,0.8697,,,0.8496,,,0.9204
,,0.8980,,,0.8280,,,0.8561,,,0.8640,,,0.9009,,,0.8481,,,0.8557,,,0.8412
,,0.7597,,,0.8690,,,0.8678,,,0.8921,,,0.8427,,,0.8617,,,0.9150,,,0.8562
,,0.8545,,,0.12395,,,0.9409,,,0.8441,,,0.8544,,,0.8368,,,0.8662,,,0.8601
,,0.8425,,,0.8555,,,0.8350,,,0.8848,,,0.8548,,,0.8613,,,0.8460,,,0.8666
,,0.8755,,,0.8383,,,0.8911,,,0.8376,,,0.8789,,,0.8597,,,0.8249,,,0.8486
,,0.12258,,,0.9195,,,0.8542,,,0.8577,,,0.8432,,,0.8527,,,0.8792,,,0.8454
,,0.8514,,,0.8747,,,0.8741,,,0.8579,,,0.8586,,,0.8695,,,0.8526,,,0.8531
,,0.8525,,,0.8551,,,0.8471,,,0.8413,,,0.8752,,,0.9272,,,0.8855,,,0.12046
,,0.9258,,,0.8531,,,0.8585,,,0.8628,,,0.8567,,,0.8430,,,0.8820,,,0.8692
,,0.8605,,,0.9063,,,0.8476,,,0.8735,,,0.9057,,,0.8625,,,0.8671,,,0.8624
,,0.8725,,,0.8618,,,0.8598,,,0.8524,,,0.8636,,,0.8631,,,0.11958,,,0.9206
,,0.9235,,,0.8810,,,0.8853,,,0.8618,,,0.8485,,,0.8815,,,0.8885,,,0.8498
,,0.8519,,,0.8805,,,0.8651,,,0.8799,,,0.8484,,,0.8680,,,0.8666,,,0.8496
,,0.8725,,,0.8416,,,0.8688,,,0.8267,,,0.8654,,,0.12241,,,0.8181,,,0.8802
,,0.22246,,,0.9492,,,0.8901,,,0.8793,,,0.8618,,,0.8661,,,0.8712,,,0.8436
,,0.8615,,,0.8607,,,0.8649,,,0.8688,,,0.8338,,,0.9114,,,0.8447,,,0.8596
,,0.8717,,,0.8650,,,0.8641,,,0.8017,,,0.12416,,,0.9344,,,0.8383,,,0.8845
,,0.8771,,,0.8586,,,0.8800,,,0.8783,,,0.8444,,,0.8676,,,0.8610,,,0.8749
,,0.8508,,,0.9036,,,0.8394,,,0.8620,,,0.8487,,,0.8687,,,0.9094,,,0.8591
,,0.8354,,,0.9503,,,0.8402,,,0.11624,,,0.9073,,,0.8739,,,0.9055,,,0.8794
,,0.7619,,,0.8356,,,0.8458,,,0.9006,,,0.8837,,,0.8484,,,0.8636,,,0.8859
,,0.8581,,,0.8688,,,0.8801,,,0.8872,,,0.8673,,,0.8857,,,0.8673,,,0.8491
,,0.8675,,,0.8669,,,0.12093,,,0.9043,,,0.8463,,,0.8679,,,0.8752,,,0.8586
,,0.8775,,,0.8574,,,0.8779,,,0.8586,,,0.8473,,,0.8770,,,0.8930,,,0.8787
,,0.8474,,,0.8721,,,0.8592,,,0.8659,,,0.9089,,,0.8878,,,0.8386,,,0.8733
,,0.8758,,,0.12294,,,0.10260,,,0.8630,,,0.8218,,,0.8931,,,0.8759,,,0.8358
,,0.8431,,,0.8803,,,0.8529,,,0.7439,,,0.8633,,,0.8648,,,0.8763,,,0.8535
,,0.8544,,,0.8640,,,0.8598,,,0.8697,,,0.8594,,,0.8954,,,0.8608,,,0.8493
,,0.13811,,,0.9386,,,0.8757,,,0.8768,,,0.8588,,,0.8419,,,0.9170,,,0.8742
,,0.9062,,,0.8461,,,0.8542,,,0.8932,,,0.8694,,,0.8711,,,0.8566,,,0.8853
,,0.9036,,,0.8642,,,0.8890,,,0.8406,,,0.8864,,,0.8730,,,0.11920,,,0.9256
,,0.8660,,,0.8448,,,0.8938,,,0.8583,,,0.8527,,,0.8693,,,0.8843,,,0.8372
,,0.8799,,,0.8706,,,0.8824,,,0.8587,,,0.8540,,,0.7880,,,0.8668,,,0.8571
,,0.8491,,,0.8313,,,0.8711,,,0.8404,,,0.9276,,,0.12272,,,0.9389,,,0.8622
,,0.8481,,,0.8487,,,0.8644,,,0.8541,,,0.8573,,,0.8992,,,0.8737,,,0.8954
,,0.8441,,,0.8583,,,0.8699,,,0.8957,,,0.8393,,,0.8678,,,0.8987,,,0.8388
,,0.8441,,,0.8305,,,0.8694,,,0.8702,,,0.12815,,,0.8833,,,0.8896,,,0.8749
,,0.8646,,,0.8927,,,0.8724,,,0.8968,,,0.8584,,,0.8778,,,0.8897,,,0.8543
,,0.8811,,,0.8606,,,0.8678,,,0.8725,,,0.8393,,,0.8394,,,0.8439,,,0.8567
,,0.7484,,,0.8460,,,0.8312,,,0.12540,,,0.8931,,,0.8586,,,0.8600,,,0.8104
,,0.8172,,,0.8387,,,0.8716,,,0.8554,,,0.8406,,,0.8313,,,0.8468,,,0.8236
,,0.8170,,,0.8427,,,0.8438,,,0.8696,,,0.8443,,,0.8601,,,0.8522,,,0.8478
,,0.8555,,,0.8542,,,0.11495,,,0.8781,,,0.8538,,,0.8326,,,0.8052,,,0.8486
,,0.8155,,,0.8509,,,0.8430,,,0.8569,,,0.8763,,,0.8771,,,0.8954,,,0.8292
,,0.8418,,,0.8564,,,0.8705,,,0.8146,,,0.8286,,,0.8271,,,0.8454,,,0.8158
,,0.8397,,,0.11627,,,0.9101,,,0.8054,,,0.8513,,,0.8588,,,0.8717,,,0.8386
,,0.8512,,,0.8460,,,0.8231,,,0.8327,,,0.8412,,,0.8165,,,0.8467,,,0.8237
,,0.8381,,,0.8570,,,0.8341,,,0.8093,,,0.8851,,,0.8616,,,0.8697,,,0.8434
,,0.17982,,,0.9304,,,0.8365,,,0.8128,,,0.8355,,,0.8371,,,0.8521,,,0.8497
,,0.8727,,,0.7993,,,0.8325,,,0.8254,,,0.8398,,,0.8703,,,0.8581,,,0.8346
,,0.8585,,,0.8559,,,0.8429,,,0.8184,,,0.8400,,,0.8398,,,0.8530,,,0.11937
,,0.8878,,,0.8679,,,0.8339,,,0.8344,,,0.8176,,,0.8791,,,0.8712,,,0.8208
,,0.8282,,,0.8453,,,0.8357,,,0.8399,,,0.8250,,,0.8547,,,0.8197,,,0.8606
,,0.8479,,,0.8061,,,0.8433,,,0.8541,,,0.8015,,,0.8648,,,0.12191,,,0.8682
,,0.8397,,,0.8197,,,0.8034,,,0.8449,,,0.8482,,,0.8734,,,0.8618,,,0.8485
,,0.8286,,,0.8075,,,0.8161,,,0.8429,,,0.8695,,,0.37909,,,0.59087,,,0.47019
,,0.278779,,,0.23232,,,0.36622,,,0.37342,,,0.36636,,,0.33386,,,0.52028,,,0.19983
,,0.35173,,,0.44836,,,0.37087,,,0.39536,,,0.37571,,,0.36335,,,0.42552,,,0.65591
,,0.25117,,,0.34475,,,0.39661,,,0.39157,,,0.34719,,,0.38321,,,0.38032,,,0.52488
,,0.32435,,,0.52018,,,0.34716,,,0.39312,,,0.58145,,,0.53418,,,0.37951,,,0.38594
,,0.40899,,,0.40124,,,0.37277,,,0.38621,,,0.305835,,,0.54569,,,0.36428,,,0.45632
,,0.40570,,,0.55653,,,0.39145,,,0.50420,,,0.38841,,,0.56214,,,0.30660,,,0.39481
,,0.43006,,,0.57654,,,0.38698,,,0.37496,,,0.50322,,,0.45828,,,0.32249,,,0.39083
,,0.43669,,,0.49833,,,0.49613,,,0.23946,,,0.43631,,,0.39067,,,0.36701,,,0.42022
,,0.33367,,,0.36878,,,0.50879,,,0.51035,,,0.30190,,,0.42509,,,0.39891,,,0.38494
,,0.51520,,,0.30300,,,0.40779,,,0.52188,,,0.62562,,,0.41558,,,0.41228,,,0.42204
,,0.40597,,,0.35372,,,0.48668,,,0.41881,,,0.65011,,,0.32500,,,0.43415,,,0.40212
,,0.36236,,,0.43895,,,0.50892,,,0.36005,,,0.41379,,,0.52645,,,0.33676,,,0.32300
,,0.41257,,,0.50734,,,0.71991,,,0.56144,,,0.37049,,,0.41930,,,0.48089,,,0.49827
,,0.69192,,,0.50240,,,0.39766,,,0.30207,,,0.41226,,,0.41889,,,0.441468,,,0.44255
,,0.33061,,,0.40332,,,0.37772,,,0.37459,,,0.42701,,,0.45421,,,0.40589,,,0.39518
,,0.68797,,,0.50206,,,0.12257,,,0.23271,,,0.10765,,,0.10122,,,0.9748,,,0.57150
,,0.37938,,,0.37139,,,0.40907,,,0.35499,,,0.42786,,,0.43354,,,0.34232,,,0.62582
,,0.31923,,,0.35530,,,0.51912,,,0.33059,,,0.60227,,,0.61918,,,0.36137,,,0.36159
,,0.36015,,,0.43836,,,0.19842,,,0.28179,,,0.36079,,,0.57805,,,0.40505,,,0.38119
,,0.38802,,,0.51606,,,0.39656,,,0.56402,,,0.41067,,,0.38104,,,0.41252,,,0.38768
,,0.46473,,,0.39206,,,0.47475,,,0.38199,,,0.39577,,,0.39896,,,0.43435,,,0.39549
,,0.42060,,,0.57115,,,0.41245,,,0.40405,,,0.39974,,,0.37929,,,0.62167,,,0.36300
,,0.44474,,,0.36219,,,0.43581,,,0.41095,,,0.42852,,,0.40599,,,0.37579,,,0.44062
,,0.38489,,,0.41879,,,0.43645,,,0.37827,,,0.38135,,,0.10791,,,0.37387,,,0.37713
,,0.52491,,,0.38740,,,0.54480,,,0.39586,,,0.37362,,,0.36404,,,0.112997,,,0.90938
,,0.37768,,,0.22983,,,0.39967,,,0.36563,,,0.42838,,,0.36971,,,0.39304,,,0.52394
,,0.41920,,,0.37477,,,0.39045,,,0.43425,,,0.39795,,,0.40880,,,0.44071,,,0.51585
,,0.51305,,,0.37808,,,0.45211,,,0.40345,,,0.42996,,,0.49891,,,0.28226,,,0.43355
,,0.55669,,,0.44497,,,0.50392,,,0.49357,,,0.36250,,,0.37412,,,0.35223,,,0.46430
,,0.41508,,,0.50244,,,0.37260,,,0.38905,,,0.39911,,,0.39411,,,0.58466,,,0.50043
,,0.18570,,,0.55360,,,0.41802,,,0.38044,,,0.50920,,,0.43957,,,0.58034,,,0.28681
,,0.41654,,,0.52910,,,0.39248,,,0.44163,,,0.52931,,,0.36379,,,0.40170,,,0.38953
,,0.88039,,,0.56105,,,0.18082,,,0.61474,,,0.32355,,,0.54445,,,0.39265,,,0.40819
,,0.43283,,,0.40258,,,0.44454,,,0.41437,,,0.37585,,,0.61793,,,0.34319,,,0.39882
,,0.51229,,,0.41360,,,0.40204,,,0.41089,,,0.424327,,,0.31272,,,0.54792,,,0.42412
,,0.37707,,,0.39930,,,0.46959,,,0.45380,,,0.41279,,,0.57512,,,0.47121,,,0.40701
,,0.45785,,,0.41043,,,0.42926,,,0.48306,,,0.53476,,,0.43213,,,0.50189,,,0.41164
,,0.39464,,,0.44329,,,0.43433,,,0.44033,,,0.42263,,,0.46182,,,0.59523,,,0.44100
,,0.44085,,,0.42393,,,0.42853,,,0.47553,,,0.58130,,,0.43693,,,0.75190,,,0.57527
,,0.41022,,,0.47654,,,0.54616,,,0.40833,,,0.51794,,,0.54290,,,0.32962,,,0.66622
,,0.42759,,,0.45350,,,0.44285,,,0.43261,,,0.42825,,,0.52365,,,0.47704,,,0.43643
,,0.44986,,,0.43745,,,0.40445,,,0.59576,,,0.42511,,,0.42902,,,0.46870,,,0.47069
,,0.46375,,,0.52303,,,0.44877,,,0.41573,,,0.46492,,,0.43231,,,0.49490,,,0.59673
,,0.43083,,,0.46915,,,0.45765,,,0.45859,,,0.45576,,,0.44146,,,0.42801,,,0.49076
,,0.43815,,,0.44168,,,0.85097,,,0.32572,,,0.43770,,,0.44508,,,0.39524,,,0.47236
,,0.54909,,,0.51525,,,0.43617,,,0.53470,,,0.55879,,,0.46154,,,0.43306,,,0.44708
,,0.53696,,,0.47962,,,0.55377,,,0.33590,,,0.48931,,,0.44965,,,0.48609,,,0.42316
,,0.44619,,,0.57489,,,0.43602,,,0.44693,,,0.48518,,,0.45577,,,0.48041,,,0.50496
,,0.44001,,,0.61763,,,0.43996,,,0.44831,,,0.53454,,,0.46502,,,0.62097,,,0.43420
,,0.42464,,,0.54473,,,0.50030,,,0.50293,,,0.55560,,,0.38639,,,0.47492,,,0.43864
,,0.56487,,,0.60960,,,0.42975,,,0.43120,,,0.52611,,,0.41874,,,0.48857,,,0.44484
,,0.47294,,,0.50468,,,0.43714,,,0.47430,,,0.62167,,,0.43543,,,0.46999,,,0.52078
,,0.45509,,,0.13534,,,0.42580,,,0.47234,,,0.45446,,,0.41190,,,0.65001,,,0.63851
,,0.45026,,,0.42574,,,0.47384,,,0.54989,,,0.71433,,,0.40744,,,0.54951,,,0.45894
,,0.45177,,,0.46126,,,0.45553,,,0.48131,,,0.46051,,,0.43145,,,0.43336,,,0.43995
,,0.46076,,,0.40804,,,0.44235,,,0.48486,,,0.43952,,,0.50803,,,0.58984,,,0.45440
,,0.47194,,,0.50792,,,0.43491,,,0.44447,,,0.26914,,,0.45767,,,0.46238,,,0.50459
,,0.38440,,,0.53109,,,0.45645,,,0.42665,,,0.45659,,,0.47221,,,0.46655,,,0.43215
,,0.42766,,,0.48733,,,0.46269,,,0.44791,,,0.42182,,,0.60508,,,0.45356,,,0.60295
,,0.50128,,,0.42165,,,0.50096,,,0.44411,,,0.44324,,,0.48156,,,0.45457,,,0.68473
,,0.44953,,,0.44266,,,0.47775,,,0.46598,,,0.47308,,,0.42491,,,0.44216,,,0.50813
,,0.39085,,,0.50237,,,0.46748,,,0.46985,,,0.56895,,,0.41683,,,0.43347,,,0.64191
,,0.81245,,,0.62070,,,0.48033,,,0.45774,,,0.45100,,,0.42271,,,0.45108,,,0.58615
,,0.27909,,,0.54393,,,0.43457,,,0.40814,,,0.42919,,,0.50327,,,0.53237,,,0.44773
,,0.45200,,,0.57182,,,0.46103,,,0.55811,,,0.59320,,,0.45307,,,0.53377,,,0.34414
,,0.42213,,,0.62184,,,0.52960,,,0.56526,,,0.36603,,,0.46549,,,0.43825,,,0.43961
,,0.43852,,,0.46770,,,0.61220,,,0.44951,,,0.60967,,,0.43472,,,0.49410,,,0.44782
,,0.47399,,,0.41365,,,0.59734,,,0.46975,,,0.47615,,,0.40832,,,0.53741,,,0.43389
,,0.44733,,,0.44873,,,0.44819,,,0.48501,,,0.53216,,,0.45187,,,0.42882,,,0.346716
,,0.48056,,,0.45948,,,0.58023,,,0.37687,,,0.46071,,,0.48512,,,0.48039,,,0.44766
,,0.60253,,,0.40171,,,0.58400,,,0.47257,,,0.43767,,,0.43948,,,0.48445,,,0.47175
,,0.42395,,,0.54859,,,0.43193,,,0.43959,,,0.43106,,,0.48203,,,0.46585,,,0.52036
,,0.43601,,,0.42936,,,0.42290,,,0.53533,,,0.44719,,,0.56740,,,0.46276,,,0.48693
,,0.45505,,,0.60182,,,0.41886,,,0.46015,,,0.29018,,,0.53133,,,0.41801,,,0.38412
,,0.47655,,,0.44455,,,0.55516062,,,0.43700,,,0.14429,,,0.12526,,,0.12391,,,0.44500
,,0.45421,,,0.52807,,,0.46377,,,0.43764,,,0.41667,,,0.55026,,,0.38155,,,0.46566
,,0.58563,,,0.83271,,,0.53354,,,0.42538,,,0.40573,,,0.41812,,,0.38676,,,0.52417
,,0.44197,,,0.47167,,,0.44407,,,0.44976,,,0.45352,,,0.43839,,,0.52097,,,0.38533
,,0.43066,,,0.46317,,,0.44537,,,0.51014,,,0.45636,,,0.42698,,,0.71774,,,0.58293
,,0.39037,,,0.47222,,,0.48711,,,0.45611,,,0.47318,,,0.53229,,,0.43874,,,0.44955
,,0.45196,,,0.46354,,,0.50706,,,0.48969,,,0.51622,,,0.43396,,,0.338107,,,0.46463
,,0.57320,,,0.38417,,,0.45060,,,0.47542,,,0.46760,,,0.44563,,,0.47688,,,0.56526
,,0.40517,,,0.41942,,,0.49003,,,0.44002,,,0.46618,,,0.46501,,,0.43695,,,0.48226
,,0.45658,,,0.45036,,,0.44499,,,0.42420,,,0.45648,,,0.45231,,,0.56981,,,0.45994
,,0.49418,,,0.43742,,,0.53370,,,0.56731,,,0.43122,,,0.49351,,,0.69659,,,0.47415
,,0.43874,,,0.46229,,,0.45361,,,0.47271,,,0.46525,,,0.45597,,,0.50097,,,0.64560
,,0.49531,,,0.44207,,,0.47082,,,0.47470,,,0.52464,,,0.45654,,,0.47276,,,0.48249
,,0.52332,,,0.42248,,,0.51875,,,0.45926,,,0.46718,,,0.58063,,,0.46082,,,0.46265
,,0.58728,,,0.48117,,,0.45146,,,0.47702,,,0.45114,,,0.47781,,,0.46543,,,0.48087
,,0.47531,,,0.51984,,,0.45853,,,0.45931,,,0.48507,,,0.19527,,,0.67390,,,0.47507
,,0.45077,,,0.60831,,,0.44649,,,0.48663,,,0.65092,,,0.57070,,,0.36094,,,0.48571
,,0.47487,,,0.91194,,,0.55082,,,0.35678,,,0.42036,,,0.43305,,,0.48837,,,0.47080
,,0.89506,,,0.66228,,,0.45518,,,0.54473,,,0.43232,,,0.49051,,,0.48262,,,0.46595
,,0.57910,,,0.41194,,,0.44291,,,0.70926,,,0.45771,,,0.44842,,,0.47271,,,0.48609
,,0.44835,,,0.55243,,,0.46045,,,0.59398,,,0.43229,,,0.51338,,,0.47953,,,0.44527
,,0.48947,,,0.43524,,,0.47512,,,0.44324,,,0.58973,,,0.63021,,,0.46245,,,0.42583
,,0.48185,,,0.40785,,,0.55074,,,0.47731,,,0.48776,,,0.44600,,,0.34209,,,0.48741
,,0.47138,,,0.72360,,,0.47296,,,0.52743,,,0.44701,,,0.58890,,,0.40997,,,0.56450
,,0.36055,,,0.47629,,,0.45489,,,0.45732,,,0.45205,,,0.48309,,,0.58351,,,0.37741
,,0.46110,,,0.59427,,,0.46736,,,0.44135,,,0.43075,,,0.45072,,,0.59539,,,0.49412
,,0.44546,,,0.46076,,,0.45461,,,0.49147,,,0.44540,,,0.49321,,,0.47196,,,0.57519
,,0.43940,,,0.60213,,,0.41617,,,0.47502,,,0.48373,,,0.45292,,,0.46424,,,0.51811
,,0.72694,,,0.43643,,,0.41703,,,0.50047,,,0.45564,,,0.46021,,,0.58206,,,0.47510
,,0.54434,,,0.40351,,,0.47965,,,0.43571,,,0.41585,,,0.50025,,,0.46145,,,0.45645
,,0.71442,,,0.47859,,,0.46388,,,0.68292,,,0.44738,,,0.43700,,,0.48169,,,0.58549
,,0.48346,,,0.58827,,,0.43263,,,0.45146,,,0.54350,,,0.38840,,,0.50634,,,0.51432
,,0.51281,,,0.46348,,,0.54456,,,0.43090,,,0.54809,,,0.24865,,,0.47644,,,0.57118
,,0.27434,,,0.47757,,,0.57724,,,0.43055,,,0.56156,,,0.41486,,,0.73050,,,0.57698
,,0.44455,,,0.45657,,,0.69059,,,0.54615,,,0.47195,,,0.121926,,,0.43595,,,0.14010
,,0.42826,,,0.42614,,,0.62681,,,0.70502,,,0.38796,,,0.31703,,,0.46463,,,0.41888
,,0.46644,,,0.43485,,,0.46150,,,0.48835,,,0.59015,,,0.57653,,,0.49095,,,0.50671
,,0.56688,,,0.43718,,,0.54531,,,0.33700,,,0.77850,,,0.57748,,,0.31855,,,0.44616
,,0.44214,,,0.44874,,,0.48501,,,0.44249,,,0.46569,,,0.60434,,,0.44088,,,0.44795
,,0.47050,,,0.47687,,,0.43589,,,0.42988,,,0.58350,,,0.60605,,,0.60023,,,0.22312
,,0.48595,,,0.45716,,,0.61469,,,0.32591,,,0.45325,,,0.48190,,,0.53874,,,0.81608
,,0.54764,,,0.22619,,,0.44467,,,0.42224,,,0.49195,,,0.47405,,,0.48462,,,0.49152
,,0.54482,,,0.22193,,,0.48694,,,0.54722,,,0.51203,,,0.54980,,,0.37569,,,0.46922
,,0.56319,,,0.44735,,,0.50510,,,0.65956,,,0.32712,,,0.42990,,,0.45145,,,0.51701
,,0.66419,,,0.65917,,,0.66781,,,0.39734,,,0.44833,,,0.46960,,,0.45798,,,0.51967
,,0.45699,,,0.45047,,,0.60821,,,0.45749,,,0.45755,,,0.42252,,,0.43322,,,0.48889
,,0.45477,,,0.48589,,,0.46040,,,0.46649,,,0.46578,,,0.67606,,,0.42724,,,0.46086
,,0.44295,,,0.46034,,,0.44661,,,0.54795,,,0.67412,,,0.50554,,,0.48165,,,0.48873
,,0.47300,,,0.67355,,,0.56175,,,0.43139,,,0.61020,,,0.31524,,,0.49058,,,0.42249
,,0.42739,,,0.44590,,,0.46352,,,0.43786,,,0.44161,,,0.44028,,,0.49486,,,0.41635
,,0.46460,,,0.47040,,,0.42902,,,0.47178,,,0.45654,,,0.42730,,,0.52007,,,0.50146
,,0.56430,,,0.42778,,,0.42696,,,0.46475,,,0.48395,,,0.66017,,,0.50566,,,0.67799
,,0.29705,,,0.41983,,,0.47951,,,0.46938,,,0.47574,,,0.45097,,,0.59935,,,0.32826
,,0.56607,,,0.41656,,,0.52398,,,0.46796,,,0.43182,,,0.45214,,,0.47845,,,0.58532
,,0.16937601,,,0.37402,,,0.49113,,,0.45974,,,0.43175,,,0.44620,,,0.49390,,,0.42803
,,0.80089,,,0.27609,,,0.53718,,,0.42978,,,0.44592,,,0.42621,,,0.49729,,,0.47000
,,0.69194,,,0.44902,,,0.56603,,,0.43585,,,0.43521,,,0.63148,,,0.59563,,,0.44933
,,0.45018,,,0.46284,,,0.46050,,,0.43130,,,0.43841,,,0.48574,,,0.42974,,,0.47144
,,0.43975,,,0.41648,,,0.57666,,,0.53225,,,0.44369,,,0.39796,,,0.41734,,,0.46230
,,0.47803,,,0.45829,,,0.42352,,,0.60757,,,0.53842,,,0.57435,,,0.44702,,,0.56159
,,0.45144,,,0.47142,,,0.48799,,,0.47514,,,0.44253,,,0.40349,,,0.44817,,,0.38535
,,0.48580,,,0.54429,,,0.25330,,,0.43947,,,0.46754,,,0.61964,,,0.41377,,,0.42360
,,0.51248,,,0.43385,,,0.48472,,,0.42245,,,0.59696,,,0.48186,,,0.46110,,,0.48798
,,0.46442,,,0.331193,,,0.58296,,,0.27725,,,0.45952,,,0.42306,,,0.50855,,,0.46306
,,0.42536,,,0.45844,,,0.46664,,,0.49610,,,0.54260,,,0.40709,,,0.45335,,,0.46590
,,0.51721,,,0.42350,,,0.43471,,,0.45542,,,0.91620,,,0.50521,,,0.46057,,,0.45024
,,0.42984,,,0.47015,,,0.43619,,,0.54289,,,0.59256,,,0.41975,,,0.47243,,,0.44854
,,0.45519,,,0.44183,,,0.43082,,,0.52088,,,0.21153,,,0.46043,,,0.53778,,,0.38774
,,0.42895,,,0.54374,,,0.44838,,,0.76316,,,0.27341,,,0.47347,,,0.53253,,,0.39266
,,0.52164,,,0.54749,,,0.40518,,,0.47584,,,0.42343,,,0.44042,,,0.43581,,,0.64190
,,0.40324,,,0.46385,,,0.44179,,,0.46581,,,0.45591,,,0.64643,,,0.48067,,,0.46171
,,0.54785,,,0.37394,,,0.59595,,,0.69531,,,0.44698,,,0.44529,,,0.48170,,,0.46719
,,0.53971,,,0.39991,,,0.47900,,,0.44548,,,0.47768,,,0.44889,,,0.41997,,,0.51196
,,0.36369,,,0.54962,,,0.39223,,,0.52962,,,0.57529,,,0.23051,,,0.45422,,,0.48476
,,0.47872,,,0.68810,,,0.39214,,,0.47357,,,0.44893,,,0.52581,,,0.42040,,,0.13360
,,0.45352,,,0.56843,,,0.52472,,,0.42146,,,0.45155,,,0.46371,,,0.44426,,,0.43237
,,0.48634,,,0.57504,,,0.87300,,,0.40906,,,0.40935,,,0.47171,,,0.45412,,,0.42184
,,0.52409,,,0.45090,,,0.44239,,,0.54399,,,0.43690,,,0.46751,,,0.53255,,,0.46630
,,0.57468,,,0.43256,,,0.44941,,,0.54066,,,0.44965,,,0.81577,,,0.52248,,,0.20618
,,0.46257,,,0.43552,,,0.48449,,,0.64625,,,0.40072,,,0.44545,,,0.44691,,,0.54911
,,0.45993,,,0.40782,,,0.47226,,,0.48972,,,0.45640,,,0.52189,,,0.37631,,,0.51078
,,0.38129,,,0.43547,,,0.48234,,,0.45933,,,0.45854,,,0.53453,,,0.38603,,,0.51126
,,0.41081,,,0.43275,,,0.51794,,,0.42429,,,0.43056,,,0.57558,,,0.42728,,,0.44169
,,0.48995,,,0.47941,,,0.44502,,,0.43838,,,0.56399,,,0.42485,,,0.62054,,,0.38487
,,0.43906,,,0.48364,,,0.45111,,,0.48088,,,0.44181,,,0.47098,,,0.45873,,,0.55429
,,0.41824,,,0.50295,,,0.43149,,,0.42967,,,0.47264,,,0.59944,,,0.46111,,,0.53851
,,0.39831,,,0.58123,,,0.46143,,,0.50919,,,0.46941,,,0.44463,,,0.54522,,,0.47285
,,0.57424,,,0.41178,,,0.53317,,,0.47207,,,0.42720,,,0.47306,,,0.44909,,,0.48556
,,0.44374,,,0.42329,,,0.43021,,,0.43554,,,0.58380,,,0.45105,,,0.41516,,,0.52369
,,0.43845,,,0.56222,,,0.41897,,,0.45060,,,0.41333,,,0.42539,,,0.45585,,,0.44508
,,0.51433,,,0.75916,,,0.29271,,,0.23285,,,0.45313,,,0.56590,,,0.41715,,,0.41708
,,0.55302,,,0.40088,,,0.47144,,,0.54206,,,0.60448,,,0.41627,,,0.46670,,,0.51419
,,0.48044,,,0.49493,,,0.47734,,,0.51619,,,0.41065,,,0.45666,,,0.55962,,,0.32910
,,0.48013,,,0.46873,,,0.45408,,,0.54877,,,0.38888,,,0.42788,,,0.45740,,,0.49489
,,0.59411,,,0.43976,,,0.59894,,,0.58724,,,0.29372,,,0.46983,,,0.54239,,,0.44290
,,0.44927,,,0.42742,,,0.53079,,,0.45279,,,0.64278,,,0.49868,,,0.35207,,,0.45065
,,0.46569,,,0.46246,,,0.60247,,,0.48781,,,0.45477,,,0.46007,,,0.46825,,,0.45546
,,0.52149,,,0.80805,,,0.52766,,,0.42966,,,0.44943,,,0.44184,,,0.47445,,,0.52752
,,0.65306,,,0.43792,,,0.52562,,,0.22605,,,0.51717,,,0.48940,,,0.54292,,,0.50683
,,0.44931,,,0.46082,,,0.56563,,,0.43675,,,0.67648,,,0.47258,,,0.62753,,,0.41470
,,0.53239,,,0.44912,,,0.57583,,,0.41037,,,0.42887,,,0.48051,,,0.45710,,,0.47549
,,0.46172,,,0.47311,,,0.46763,,,0.63038,,,0.43786,,,0.43750,,,0.64468,,,0.65328
,,0.49955,,,0.46513,,,0.49702,,,0.46105,,,0.47812,,,0.44290,,,0.53736,,,0.59548
,,0.45857,,,0.50001,,,0.46867,,,0.45524,,,0.47535,,,0.45721,,,0.46844,,,0.50501
,,0.43602,,,0.44535,,,0.41423,,,0.44599,,,0.54640,,,0.67755,,,0.45884,,,0.46294
,,0.49172,,,0.47912,,,0.50415,,,0.47418,,,0.51531,,,0.44031,,,0.62849,,,0.45389
,,0.43510,,,0.45334,,,0.45910,,,0.68407,,,0.33557,,,0.28231,,,0.47826,,,0.46404
,,0.47724,,,0.80412,,,0.27136,,,0.48205,,,0.45086,,,0.43091,,,0.54242,,,0.46276
,,0.55942,,,0.45331,,,0.44183,,,0.46891,,,0.44682,,,0.57310,,,0.47992,,,0.45579
,,0.45925,,,0.46508,,,0.46148,,,0.47657,,,0.46088,,,0.48467,,,0.45342,,,0.49541
,,0.42778,,,0.46418,,,0.46582,,,0.50275,,,0.55539,,,0.28264,,,0.46559,,,0.47662
,,0.46471,,,0.48836,,,0.65841,,,0.41447,,,0.60110,,,0.51044,,,0.47344,,,0.45010
,,0.50093,,,0.56418,,,0.27545,,,0.49421,,,0.47495,,,0.48872,,,0.44895,,,0.47221
,,0.45853,,,0.45781,,,0.48160,,,0.457422,,,0.48747,,,0.45615,,,0.48568,,,0.55027
,,0.47142,,,0.45856,,,0.49074,,,0.47409,,,0.54884,,,0.50489,,,0.45091,,,0.48863
,,0.41725,,,0.47223,,,0.46540,,,0.48485,,,0.55614,,,0.43432,,,0.46995,,,0.46865
,,0.47422,,,0.46969,,,0.38586,,,0.44322,,,0.47573,,,0.49914,,,0.43518,,,0.42554
,,0.52767,,,0.52132,,,0.45405,,,0.57858,,,0.46579,,,0.47462,,,0.67255,,,0.40038
,,0.42634,,,0.48533,,,0.44923,,,0.43278,,,0.47187,,,0.56956,,,0.42483,,,0.31765
,,0.46761,,,0.46814,,,0.44520,,,0.44103,,,0.42414,,,0.63901,,,0.34873,,,0.47066
,,0.43610,,,0.47329,,,0.58532,,,0.47857,,,0.46030,,,0.43867,,,0.43573,,,0.45665
,,0.48510,,,0.43501,,,0.45263,,,0.42318,,,0.46416,,,0.47704,,,0.45608,,,0.53534
,,0.43511,,,0.45896,,,0.45416,,,0.62571,,,0.44687,,,0.46369,,,0.59117,,,0.47132
,,0.60353,,,0.52275,,,0.47066,,,0.46615,,,0.47105,,,0.51480,,,0.28932,,,0.46247
,,0.39697,,,0.48248,,,0.49361,,,0.43972,,,0.55801,,,0.40493,,,0.48952,,,0.46953
,,0.45211,,,0.56462,,,0.44544,,,0.45258,,,0.46008,,,0.42551,,,0.45349,,,0.44254
,,0.69900,,,0.30779,,,0.48077,,,0.46948,,,0.56853,,,0.55778,,,0.45301,,,0.45353
,,0.43699,,,0.45629,,,0.63512,,,0.47733,,,0.49199,,,0.73044,,,0.57763,,,0.31710
,,0.42121,,,0.49914,,,0.45165,,,0.71832,,,0.33346,,,0.39428,,,0.45781,,,0.58660
,,0.44469,,,0.52171,,,0.48043,,,0.42406,,,0.44122,,,0.44666,,,0.48576,,,0.44252
,,0.56852,,,0.34738,,,0.46237,,,0.45482,,,0.50590,,,0.51227,,,0.43668,,,0.53252
,,0.41839,,,0.47744,,,0.43331,,,0.43470,,,0.45271,,,0.48164,,,0.59725,,,0.42597
,,0.53516,,,0.43949,,,0.44494,,,0.46561,,,0.45148,,,0.45899,,,0.48135,,,0.46544
,,0.54008,,,0.43111,,,0.57126,,,0.40192,,,0.47356,,,0.45348,,,0.69144,,,0.51754
,,0.43509,,,0.51129,,,0.39407,,,0.43200,,,0.46037,,,0.55467,,,0.47147,,,0.48550
,,0.45673,,,0.60865,,,0.45698,,,0.46832,,,0.42704,,,0.48816,,,0.45857,,,0.51684
,,0.46165,,,0.45562,,,0.58962,,,0.45008,,,0.44739,,,0.47419,,,0.47908,,,0.45686
,,0.48013,,,0.43968,,,0.56852,,,0.45435,,,0.69412,,,0.27947,,,0.44080,,,0.43232
,,0.50808,,,0.47200,,,0.73735,,,0.69054,,,0.28963,,,0.46848,,,0.42519,,,0.41970
,,0.86813,,,0.62532,,,0.25415,,,0.42911,,,0.45434,,,0.43359,,,0.44481,,,0.44744
,,0.62092,,,0.42794,,,0.43193,,,0.57516,,,0.44067,,,0.43161,,,0.47450,,,0.45836
,,0.45327,,,0.44725,,,0.47293,,,0.44560,,,0.46897,,,0.38364,,,0.48663,,,0.47433
,,0.42254,,,0.43609,,,0.47991,,,0.58176,,,0.45683,,,0.63749,,,0.46729,,,0.46404
,,0.47928,,,0.46644,,,0.55534,,,0.46103,,,0.83348,,,0.61719,,,0.51798,,,0.41305
,,0.37103,,,0.44751,,,0.51476,,,0.45278,,,0.65006,,,0.68367,,,0.61597,,,0.32947
,,0.44405,,,0.47071,,,0.45008,,,0.43913,,,0.63386,,,0.86547,,,0.21778,,,0.58052
,,0.44426,,,0.64054,,,0.47930,,,0.38897,,,0.45624,,,0.42461,,,0.49223,,,0.63618
,,0.57102,,,0.23687,,,0.46601,,,0.46137,,,0.52121,,,0.44881,,,0.47703,,,0.51030
,,0.69675,,,0.34097,,,0.42859,,,0.45065,,,0.44534,,,0.43988,,,0.47048,,,0.64872
,,0.57600,,,0.79331,,,0.53333,,,0.26357,,,0.46921,,,0.45350,,,0.45789,,,0.46607
,,0.66078,,,0.47041,,,0.75760,,,0.52494,,,0.32129,,,0.40838,,,0.46967,,,0.49806
,,0.43710,,,0.45615,,,0.63174,,,0.57335,,,0.43752,,,0.46282,,,0.41205,,,0.52322
,,0.43105,,,0.56168,,,0.47026,,,0.55052,,,0.47945,,,0.42373,,,0.45427,,,0.41055
,,0.46304,,,0.45210,,,0.46142,,,0.70700,,,0.35691,,,0.53699,,,0.38594,,,0.44085
,,0.44474,,,0.45001,,,0.48207,,,0.47448,,,0.58261,,,0.38459,,,0.81763,,,0.45792
,,0.41757,,,0.45295,,,0.18976,,,0.51372,,,0.45168,,,0.68560,,,0.45006,,,0.45139
,,0.41171,,,0.45808,,,0.48735,,,0.45361,,,0.46070,,,0.48414,,,0.42535,,,0.43373
,,0.50297,,,0.44181,,,0.42408,,,0.47720,,,0.43047,,,0.65811,,,0.71469,,,0.52909
,,0.29676,,,0.45980,,,0.25044,,,0.45223,,,0.44787,,,0.60672,,,0.44139,,,0.44063
,,0.48361,,,0.62314,,,0.32268,,,0.45652,,,0.43623,,,0.53564,,,0.45304,,,0.44974
,,0.45120,,,0.52815,,,0.31084,,,0.48588,,,0.52578,,,0.59298,,,0.39056,,,0.47877
,,0.52806,,,0.71400,,,0.64943,,,0.44562,,,0.43947,,,0.51682,,,0.34654,,,0.52888
,,0.59671,,,0.39163,,,0.56729,,,0.42510,,,0.46140,,,0.55843,,,0.38115,,,0.45188
,,0.56596,,,0.45911,,,0.53768,,,0.54274,,,0.46527,,,0.45913,,,0.70631,,,0.34931
,,0.26831,,,0.47314,,,0.46862,,,0.41252,,,0.51703,,,0.35344,,,0.45668,,,0.57254
,,0.40885,,,0.52167,,,0.44889,,,0.51874,,,0.45699,,,0.48148,,,0.42510,,,0.63958
,,0.44948,,,0.42545,,,0.58640,,,0.47829,,,0.48217,,,0.64672,,,0.45767,,,0.45039
,,0.54047,,,0.40798,,,0.45919,,,0.42249,,,0.49913,,,0.52360,,,0.51835,,,0.41624
,,0.58136,,,0.30938,,,0.39983,,,0.48280,,,0.43656,,,0.48822,,,0.42772,,,0.46105
,,0.38258,,,0.78191,,,0.51037,,,0.46734,,,0.46321,,,0.46997,,,0.47569,,,0.47275
,,0.46808,,,0.333805,,,0.54484,,,0.55073,,,0.36142,,,0.43293,,,0.62785,,,0.38254
,,0.52135,,,0.55896,,,0.39020,,,0.53938,,,0.27844,,,0.44098,,,0.45227,,,0.63218
,,0.44615,,,0.63009,,,0.44359,,,0.58276,,,0.41658,,,0.45787,,,0.47746,,,0.49261
,,0.45127,,,0.48488,,,0.44727,,,0.47040,,,0.55269,,,0.51589,,,0.45465,,,0.41146
,,0.43013,,,0.47296,,,0.55147,,,0.44438,,,0.43545,,,0.49134,,,0.41254,,,0.46990
,,0.87321,,,0.46608,,,0.43587,,,0.43495,,,0.45213,,,0.43402,,,0.38081,,,0.47757
,,0.44057,,,0.54804,,,0.43193,,,0.41325,,,0.43657,,,0.59191,,,0.34995,,,0.50596
,,0.47619,,,0.42415,,,0.46633,,,0.46223,,,0.43400,,,0.58575,,,0.44025,,,0.66771
,,0.43974,,,0.45641,,,0.45943,,,0.40703,,,0.46643,,,0.46299,,,0.41215,,,0.51138
,,0.45686,,,0.42044,,,0.46293,,,0.50107,,,0.44932,,,0.43050,,,0.42367,,,0.59119
,,0.33042,,,0.57278,,,0.30548,,,0.45953,,,0.44729,,,0.43447,,,0.55486,,,0.55917
,,0.52877,,,0.29254,,,0.51646,,,0.25453,,,0.44226,,,0.42399,,,0.52563,,,0.39900
,,0.59143,,,0.32072,,,0.43214,,,0.43892,,,0.46207,,,0.54850,,,0.39607,,,0.46353
,,0.52366,,,0.47714,,,0.44564,,,0.44961,,,0.42272,,,0.55513,,,0.43878,,,0.42224
,,0.48173,,,0.45004,,,0.33650,,,0.43807,,,0.43668,,,0.46513,,,0.58450,,,0.45439
,,0.52059,,,0.45723,,,0.45629,,,0.41938,,,0.70985,,,0.26541,,,0.56746,,,0.39996
,,0.43295,,,0.43523,,,0.67782,,,0.54085,,,0.47015,,,0.42881,,,0.67074,,,0.44632
,,0.36339,,,0.44454,,,0.44552,,,0.54108,,,0.41946,,,0.47822,,,0.42694,,,0.53098
,,0.50614,,,0.35364,,,0.48327,,,0.45231,,,0.46952,,,0.43101,,,0.42888,,,0.45820
,,0.45414,,,0.41262,,,0.43634,,,0.77976,,,0.61261,,,0.68765,,,0.44940,,,0.40292
,,0.44198,,,0.41620,,,0.62471,,,0.34441,,,0.43210,,,0.43316,,,0.41798,,,0.46607
,,0.64118,,,0.50880,,,0.57727,,,0.44790,,,0.45264,,,0.50849,,,0.49054,,,0.46661
,,0.47094,,,0.43552,,,0.58667,,,0.40753,,,0.44588,,,0.54997,,,0.41087,,,0.53159
,,0.49399,,,0.42446,,,0.51890,,,0.39681,,,0.45485,,,0.47455,,,0.74626,,,0.52262
,,0.47111,,,0.47182,,,0.54149,,,0.25624,,,0.49174,,,0.53378,,,0.22270,,,0.46674
,,0.41596,,,0.57071,,,0.77882,,,0.60969,,,0.43917,,,0.43846,,,0.46818,,,0.54857
,,0.42836,,,0.52476,,,0.59823,,,0.23828,,,0.47697,,,0.42623,,,0.45322,,,0.54799
,,0.47175,,,0.47965,,,0.53476,,,0.44773,,,0.52522,,,0.28247,,,0.49352,,,0.43533
,,0.70876,,,0.14964,,,0.48661,,,0.44898,,,0.59323,,,0.49582,,,0.52450,,,0.52089
,,0.31172,,,0.58824,,,0.65139,,,0.59048,,,0.46664,,,0.63621,,,0.45153,,,0.47653
,,0.44694,,,0.43978,,,0.34138,,,0.56131,,,0.40392,,,0.47839,,,0.51640,,,0.43047
,,0.43183,,,0.47721,,,0.52977,,,0.40741,,,0.46603,,,0.41089,,,0.56976,,,0.39003
,,0.46511,,,0.42953,,,0.56367,,,0.48257,,,0.42862,,,0.46163,,,0.69626,,,0.44069
,,0.29412,,,0.52016,,,0.48360,,,0.46998,,,0.44890,,,0.49613,,,0.54944,,,0.47910
,,0.47223,,,0.46529,,,0.43389,,,0.48329,,,0.59655,,,0.44494,,,0.44454,,,0.64841
,,0.34351,,,0.61866,,,0.55164,,,0.43524,,,0.55508,,,0.40899,,,0.45859,,,0.43224
,,0.52251,,,0.47264,,,0.44551,,,0.44164,,,0.55922,,,0.65258,,,0.43025,,,0.42890
,,0.46466,,,0.54726,,,0.43511,,,0.47429,,,0.46402,,,0.64397,,,0.42311,,,0.46339
,,0.42524,,,0.44832,,,0.47827,,,0.50578,,,0.48828,,,0.40532,,,0.54932,,,0.45072
,,0.45091,,,0.66855,,,0.35608,,,0.46421,,,0.48618,,,0.46135,,,0.45560,,,0.40942
,,0.47548,,,0.52583,,,0.45056,,,0.56338,,,0.41526,,,0.46205,,,0.59032,,,0.47913
,,0.47526,,,0.53628,,,0.38065,,,0.54726,,,0.45657,,,0.51748,,,0.43305,,,0.77412
,,0.41250,,,0.34990,,,0.48507,,,0.71624,,,0.52509,,,0.48605,,,0.59411,,,0.44876
,,0.49442,,,0.44815,,,0.43021,,,0.45759,,,0.55515,,,0.42581,,,0.45264,,,0.47071
,,0.47236,,,0.45962,,,0.59069,,,0.41732,,,0.69711,,,0.36399,,,0.40287,,,0.48168
,,0.41280,,,0.45919,,,0.56096,,,0.51394,,,0.45293,,,0.57410,,,0.44148,,,0.48402
,,0.46389,,,0.60678,,,0.41265,,,0.40165,,,0.44578,,,0.44998,,,0.50826,,,0.42344
,,0.46281,,,0.43537,,,0.56748,,,0.46840,,,0.47022,,,0.29692,,,0.53304,,,0.27172
,,0.47672,,,0.62654,,,0.43404,,,0.54506,,,0.42600,,,0.45163,,,0.46939,,,0.56817
,,0.45468,,,0.48130,,,0.46359,,,0.54636,,,0.49524,,,0.52916,,,0.51075,,,0.41923
,,0.59242,,,0.28101,,,0.351594,,,0.47062,,,0.58915,,,0.28888,,,0.51791,,,0.51392
,,0.44920,,,0.59221,,,0.14422,,,0.47788,,,0.82961,,,0.59322,,,0.24918,,,0.43740
,,0.46931,,,0.59953,,,0.44855,,,0.53048,,,0.53781,,,0.45001,,,0.57680,,,0.42687
,,0.43070,,,0.54429,,,0.64032,,,0.41601,,,0.45301,,,0.45103,,,0.53666,,,0.41097
,,0.58988,,,0.43839,,,0.48328,,,0.43111,,,0.45743,,,0.44772,,,0.71196,,,0.51791
,,0.31476,,,0.49646,,,0.42536,,,0.46744,,,0.46882,,,0.47850,,,0.47207,,,0.73939
,,0.50636,,,0.45266,,,0.45570,,,0.51870,,,0.46425,,,0.41601,,,0.48284,,,0.53174
,,0.46824,,,0.42600,,,0.46315,,,0.43204,,,0.47881,,,0.46547,,,0.45013,,,0.46795
,,0.48007,,,0.53421,,,0.42156,,,0.42906,,,0.47684,,,0.43491,,,0.43306,,,0.61243
,,0.33072,,,0.46887,,,0.41498,,,0.49828,,,0.47048,,,0.50116,,,0.58621,,,0.40093
,,0.46800,,,0.68716,,,0.49838,,,0.68110,,,0.45851,,,0.62079,,,0.47848,,,0.43020
,,0.44762,,,0.43970,,,0.48156,,,0.45248,,,0.44651,,,0.43913,,,0.49539,,,0.44382
,,0.46066,,,0.54331,,,0.43794,,,0.47613,,,0.42517,,,0.46507,,,0.45985,,,0.60569
,,0.42410,,,0.42415,,,0.47297,,,0.54025,,,0.44697,,,0.50413,,,0.45760,,,0.43537
,,0.47702,,,0.36408,,,0.45290,,,0.67022,,,0.49290,,,0.50927,,,0.46841,,,0.43930
,,0.47980,,,0.45813,,,0.54194,,,0.47344,,,0.57831,,,0.49987,,,0.47684,,,0.43716
,,0.45421,,,0.45337,,,0.57307,,,0.44368,,,0.43982,,,0.57119,,,0.46522,,,0.45315
,,0.58950,,,0.42486,,,0.46194,,,0.44497,,,0.42912,,,0.54075,,,0.51982,,,0.55064
,,0.44036,,,0.62588,,,0.42158,,,0.57280,,,0.53120,,,0.44009,,,0.54467,,,0.45327
,,0.55011,,,0.38243,,,0.43572,,,0.43483,,,0.45951,,,0.45324,,,0.72352,,,0.24192
,,0.35128,,,0.46945,,,0.50253,,,0.42453,,,0.45823,,,0.59313,,,0.44868,,,0.45822
,,0.53657,,,0.44779,,,0.56056,,,0.46235,,,0.44058,,,0.47374,,,0.52862,,,0.45529
,,0.48194,,,0.45714,,,0.48956,,,0.47329,,,0.44252,,,0.47754,,,0.47935,,,0.44719
,,0.47327,,,0.44696,,,0.51633,,,0.44842,,,0.51625,,,0.45852,,,0.44631,,,0.45240
,,0.57474,,,0.69826,,,0.45998,,,0.57460,,,0.44844,,,0.48142,,,0.43734,,,0.50634
,,0.50467,,,0.42659,,,0.47387,,,0.41535,,,0.44099,,,0.40054,,,0.46592,,,0.62648
,,0.45324,,,0.47329,,,0.54692,,,0.42363,,,0.44323,,,0.52032,,,0.42703,,,0.63284
,,0.47476,,,0.47215,,,0.55864,,,0.36651,,,0.67592,,,0.39934,,,0.44163,,,0.47789
,,0.42917,,,0.49522,,,0.45426,,,0.43444,,,0.34078,,,0.44777,,,0.46199,,,0.45230
,,0.45512,,,0.44601,,,0.47939,,,0.43995,,,0.54577,,,0.40675,,,0.43930,,,0.64579
,,0.42721,,,0.46215,,,0.46646,,,0.47098,,,0.55729,,,0.34700,,,0.64410,,,0.38679
,,0.45281,,,0.46756,,,0.41771,,,0.47020,,,0.55238,,,0.52345,,,0.32752,,,0.45440
,,0.54001,,,0.47352,,,0.44739,,,0.47158,,,0.61841,,,0.52741,,,0.55626,,,0.57106
,,0.42812,,,0.50750,,,0.42794,,,0.45096,,,0.49104,,,0.44743,,,0.53024,,,0.45442
,,0.65366,,,0.38986,,,0.46303,,,0.44555,,,0.68954,,,0.46476,,,0.68092,,,0.38338
,,0.35039,,,0.46164,,,0.45716,,,0.44453,,,0.44630,,,0.59923,,,0.45712,,,0.47635
,,0.41168,,,0.47037,,,0.51132,,,0.50206,,,0.47891,,,0.42630,,,0.46785,,,0.54970
,,0.36197,,,0.55124,,,0.61237,,,0.38417,,,0.45338,,,0.43851,,,0.41095,,,0.67842
,,0.60702,,,0.64994,,,0.44862,,,0.46926,,,0.56018,,,0.42566,,,0.66217,,,0.46359
,,0.64778,,,0.46225,,,0.40299,,,0.44136,,,0.43023,,,0.43615,,,0.40780,,,0.44714
,,0.46668,,,0.54012,,,0.40617,,,0.45883,,,0.59733,,,0.38381,,,0.63986,,,0.42683
,,0.47851,,,0.57685,,,0.50376,,,0.62320,,,0.47828,,,0.47832,,,0.43314,,,0.46397
,,0.60761,,,0.37577,,,0.52549,,,0.45705,,,0.47346,,,0.42893,,,0.43096,,,0.47229
,,0.41937,,,0.48594,,,0.45253,,,0.45284,,,0.42862,,,0.46831,,,0.50707,,,0.46755
,,0.42559,,,0.40387,,,0.52903,,,0.58289,,,0.44561,,,0.46277,,,0.45085,,,0.47413
,,0.52876,,,0.46007,,,0.47835,,,0.45202,,,0.47554,,,0.44048,,,0.50623,,,0.54994
,,0.35435,,,0.45967,,,0.45855,,,0.43003,,,0.56461,,,0.59775,,,0.38917,,,0.45923
,,0.45436,,,0.74875,,,0.36470,,,0.52909,,,0.34766,,,0.52500,,,0.48488,,,0.48531
,,0.46951,,,0.45341,,,0.46810,,,0.45556,,,0.45427,,,0.60166,,,0.48672,,,0.48205
,,0.48277,,,0.50548,,,0.43387,,,0.46481,,,0.48155,,,0.53022,,,0.57339,,,0.51209
,,0.58103,,,0.43934,,,0.43630,,,0.46806,,,0.45326,,,0.44016,,,0.13882,,,0.50318
,,0.46306,,,0.46589,,,0.57792,,,0.51597,,,0.52766,,,0.47789,,,0.44334,,,0.58059
,,0.22301,,,0.51092,,,0.49798,,,0.58226,,,0.40730,,,0.46093,,,0.45156,,,0.71578
,,0.48636,,,0.51747,,,0.56034,,,0.40065,,,0.44182,,,0.46480,,,0.61950,,,0.46753
,,0.66819,,,0.25584,,,0.39841,,,0.46624,,,0.46354,,,0.46682,,,0.43938,,,0.48943
,,0.20933,,,0.45903,,,0.44820,,,0.65906,,,0.47619,,,0.45257,,,0.58911,,,0.46275
,,0.46942,,,0.59097,,,0.50597,,,0.44939,,,0.53622,,,0.39947,,,0.46014,,,0.47589
,,0.369984,,,0.66400,,,0.41655,,,0.59500,,,0.45330,,,0.53735,,,0.44678,,,0.45522
,,0.46171,,,0.41862,,,0.41890,,,0.49034,,,0.15600,,,0.42680,,,0.76792,,,0.44661
,,0.47881,,,0.46622,,,0.45298,,,0.42302,,,0.55675,,,0.46335,,,0.75478,,,0.49764
,,0.25623,,,0.49348,,,0.45994,,,0.48895,,,0.54414,,,0.26473,,,0.42899,,,0.58731
,,0.47013,,,0.42365,,,0.46275,,,0.52667,,,0.47522,,,0.78737,,,0.32898,,,0.45746
,,0.58700,,,0.42911,,,0.46531,,,0.52119,,,0.54833,,,0.45268,,,0.55550,,,0.32654
,,0.55070,,,0.40539,,,0.51202,,,0.48024,,,0.41897,,,0.44929,,,0.57326,,,0.28699
,,0.67345,,,0.46727,,,0.56145,,,0.28990,,,0.58879,,,0.44717,,,0.66701,,,0.37848
,,0.49694,,,0.45694,,,0.47492,,,0.42899,,,0.42734,,,0.56903,,,0.18025,,,0.43819
,,0.50245,,,0.26114,,,0.63332,,,0.42237,,,0.45654,,,0.47562,,,0.47255,,,0.48827
,,0.53316,,,0.40116,,,0.58883,,,0.55215,,,0.47009,,,0.51328,,,0.41286,,,0.47369
,,0.57871,,,0.35351,,,0.56300,,,0.58053,,,0.50180,,,0.44598,,,0.41818,,,0.53767
,,0.37919,,,0.61367,,,0.49807,,,0.44230,,,0.51780,,,0.42424,,,0.42062,,,0.46938
,,0.50228,,,0.46236,,,0.71300,,,0.42359,,,0.53969,,,0.45755,,,0.44420,,,0.44642
,,0.43267,,,0.47700,,,0.54377,,,0.39419,,,0.44535,,,0.50005,,,0.39475,,,0.58042
,,0.32676,,,0.51298,,,0.45059,,,0.53682,,,0.29927,,,0.60091,,,0.51718,,,0.42425
,,0.38819,,,0.56844,,,0.56127,,,0.50414,,,0.22905,,,0.48069,,,0.54465,,,0.43198
,,0.46470,,,0.44567,,,0.49614,,,0.46556,,,0.60103,,,0.43624,,,0.50147,,,0.57320
,,0.42126,,,0.42204,,,0.48786,,,0.49732,,,0.42760,,,0.52127,,,0.24727,,,0.55035
,,0.61295,,,0.63501,,,0.50300,,,0.48389,,,0.47582,,,0.53913,,,0.38876,,,0.74108
,,0.48494,,,0.44361,,,0.44429,,,0.47990,,,0.44651,,,0.60665,,,0.35242,,,0.48933
,,0.67969,,,0.54288,,,0.21306,,,0.45756,,,0.61794,,,0.41731,,,0.45357,,,0.48603
,,0.48486,,,0.53987,,,0.44087,,,0.47957,,,0.45289,,,0.45832,,,0.42199,,,0.53280
,,0.43189,,,0.57298,,,0.48819,,,0.38364,,,0.46073,,,0.46614,,,0.46895,,,0.57860
,,0.34118,,,0.46163,,,0.53221,,,0.42878,,,0.50557,,,0.31053,,,0.76511,,,0.30389
,,0.52587,,,0.32407,,,0.63628,,,0.46314,,,0.52402,,,0.46167,,,0.45178,,,0.44443
,,0.55582,,,0.34835,,,0.45402,,,0.56819,,,0.65432,,,0.45846,,,0.46050,,,0.45890
,,0.47904,,,0.57101,,,0.31519,,,0.44404,,,0.53253,,,0.34534,,,0.57465,,,0.44396
,,0.50238,,,0.49245,,,0.64722,,,0.36903,,,0.63364,,,0.46709,,,0.44231,,,0.45282
,,0.46234,,,0.46567,,,0.63136,,,0.33799,,,0.51883,,,0.56494,,,0.41636,,,0.47207
,,0.44996,,,0.47896,,,0.46601,,,0.55027,,,0.46910,,,0.55214,,,0.40684,,,0.43357
,,0.47339,,,0.42180,,,0.41384,,,0.47192,,,0.42435,,,0.53317,,,0.69533,,,0.44216
,,0.45071,,,0.44050,,,0.48110,,,0.72232,,,0.57909,,,0.30968,,,0.37894,,,0.54720
,,0.39193,,,0.41964,,,0.59486,,,0.55397,,,0.47448,,,0.49365,,,0.45430,,,0.54230
,,0.38163,,,0.52372,,,0.53839,,,0.38992,,,0.45215,,,0.45299,,,0.44858,,,0.54780
,,0.38956,,,0.51995,,,0.45133,,,0.45861,,,0.45626,,,0.46282,,,0.43600,,,0.93975
,,0.69790,,,0.46577,,,0.46473,,,0.44061,,,0.47098,,,0.64416,,,0.45599,,,0.47892
,,0.48973,,,0.54863,,,0.26145,,,0.45433,,,0.50715,,,0.48719,,,0.51276,,,0.45541
,,0.44856,,,0.58209,,,0.29783,,,0.46888,,,0.46658,,,0.45086,,,0.48330,,,0.44697
,,0.44438,,,0.59855,,,0.58260,,,0.25927,,,0.45774,,,0.44170,,,0.42021,,,0.45579
,,0.52061,,,0.47656,,,0.48786,,,0.57619,,,0.29247,,,0.42749,,,0.70854,,,0.51042
,,0.42633,,,0.43734,,,0.46860,,,0.56733,,,0.31304,,,0.42881,,,0.52271,,,0.47880
,,0.60711,,,0.44557,,,0.45671,,,0.65572,,,0.31579,,,0.61036,,,0.34968,,,0.45523
,,0.48340,,,0.45379,,,0.45522,,,0.55156,,,0.68709,,,0.47198,,,0.22062,,,0.40935
,,0.47718,,,0.49068,,,0.57238,,,0.42934,,,0.46318,,,0.51256,,,0.30662,,,0.56519
,,0.60418,,,0.63007,,,0.58927,,,0.30661,,,0.36970,,,0.46969,,,0.13310,,,0.52857
,,0.63231,,,0.47570,,,0.47088,,,0.48531,,,0.45287,,,0.53160,,,0.15689,,,0.45861
,,0.46558,,,0.44412,,,0.45614,,,0.41744,,,0.43528,,,0.49409,,,0.58925,,,0.48078
,,0.22045,,,0.46033,,,0.57914,,,0.53981,,,0.43473,,,0.46933,,,0.43870,,,0.45934
,,0.21240,,,0.45750,,,0.46577,,,0.68993,,,0.54063,,,0.22765,,,0.45347,,,0.67607
,,0.28006,,,0.41124,,,0.45824,,,0.45631,,,0.321523,,,0.53953,,,0.49446,,,0.56801
,,0.43580,,,0.61574,,,0.24856,,,0.61497,,,0.43872,,,0.64812,,,0.44139,,,0.42768
,,0.46981,,,0.47157,,,0.64746,,,0.22850,,,0.49502,,,0.49470,,,0.58337,,,0.31855
,,0.51130,,,0.47887,,,0.75596,,,0.36232,,,0.24570,,,0.43737,,,0.74077,,,0.25293
,,0.43266,,,0.47664,,,0.46763,,,0.58450,,,0.26317,,,0.44900,,,0.43537,,,0.62615
,,0.34544,,,0.43646,,,0.42644,,,0.65138,,,0.35002,,,0.53710,,,0.37035,,,0.48966
,,0.56762,,,0.36583,,,0.47160,,,0.49187,,,0.77119,,,0.32217,,,0.51127,,,0.45053
,,0.68202,,,0.49225,,,0.56677,,,0.29200,,,0.49217,,,0.84208,,,0.55263,,,0.32003
,,0.47974,,,0.56321,,,0.41522,,,0.42157,,,0.42334,,,0.87404,,,0.68878,,,0.34549
,,0.38654,,,0.67091,,,0.48492,,,0.56055,,,0.46377,,,0.48726,,,0.69364,,,0.34957
,,0.39446,,,0.45530,,,0.46899,,,0.42873,,,0.50995,,,0.48586,,,0.46868,,,0.72355
,,0.38533,,,0.38786,,,0.46756,,,0.44252,,,0.44236,,,0.46712,,,0.43434,,,0.74370
,,0.46909,,,0.41772,,,0.59047,,,0.52249,,,0.46994,,,0.45974,,,0.45506,,,0.75439
,,0.45550,,,0.42643,,,0.46177,,,0.48271,,,0.46058,,,0.42969,,,0.46154,,,0.55877
,,0.46611,,,0.62692,,,0.49040,,,0.48324,,,0.46845,,,0.43009,,,0.45635,,,0.57749
,,0.42566,,,0.86235,,,0.42944,,,0.48179,,,0.53233,,,0.49532,,,0.45978,,,0.70827
,,0.41010,,,0.57642,,,0.48882,,,0.44921,,,0.46647,,,0.57787,,,0.45768,,,0.42574
,,0.46782,,,0.62016,,,0.88484,,,0.61107,,,0.44349,,,0.47607,,,0.47499,,,0.45795
,,0.54960,,,0.45342,,,0.50028,,,0.48628,,,0.51155,,,0.43026,,,0.47014,,,0.63553
,,0.49530,,,0.21867,,,0.45646,,,0.48058,,,0.52116,,,0.42796,,,0.47947,,,0.49363
,,0.46213,,,0.51053,,,0.49798,,,0.63506,,,0.40327,,,0.52166,,,0.38685,,,0.65620
,,0.55177,,,0.30041,,,0.45212,,,0.44872,,,0.49771,,,0.60694,,,0.46202,,,0.47414
,,0.46557,,,0.53162,,,0.53147,,,0.43316,,,0.75955,,,0.16245,,,0.55232,,,0.29004
,,0.46676,,,0.48354,,,0.43711,,,0.42355,,,0.45491,,,0.60246,,,0.46356,,,0.51013
,,0.28227,,,0.43138,,,0.46322,,,0.47326,,,0.46498,,,0.47226,,,0.40433,,,0.52719
,,0.28348,,,0.54059,,,0.52745,,,0.50873,,,0.47593,,,0.44121,,,0.49024,,,0.56724
,,0.43533,,,0.92371,,,0.60636,,,0.24328,,,0.46928,,,0.45328,,,0.66791,,,0.64550
,,0.72459,,,0.59238,,,0.29644,,,0.46040,,,0.44497,,,0.45194,,,0.47523,,,0.49144
,,0.48467,,,0.57638,,,0.47386,,,0.46178,,,0.44801,,,0.44776,,,0.46096,,,0.38325
,,0.46018,,,0.58722,,,0.50506,,,0.61072,,,0.46907,,,0.60974,,,0.48502,,,0.46043
,,0.49303,,,0.64323,,,0.53361,,,0.48551,,,0.52669,,,0.58106,,,0.42283,,,0.45084
,,0.46745,,,0.50313,,,0.65484,,,0.46451,,,0.47943,,,0.44934,,,0.45859,,,0.53222
,,0.48081,,,0.51451,,,0.52425,,,0.76570,,,0.48683,,,0.60139,,,0.43113,,,0.40357
,,0.43656,,,0.49035,,,0.51398,,,0.47589,,,0.58267,,,0.45454,,,0.45525,,,0.40613
,,0.52801,,,0.44080,,,0.47081,,,0.49470,,,0.68446,,,0.48278,,,0.47005,,,0.55167
,,0.43275,,,0.49903,,,0.59126,,,0.47476,,,0.70330,,,0.47824,,,0.48825,,,0.63518
,,0.42500,,,0.43682,,,0.46586,,,0.70541,,,0.44722,,,0.76520,,,0.54380,,,0.39095
,,0.44175,,,0.45081,,,0.43811,,,0.56250,,,0.47151,,,0.47193,,,0.54433,,,0.48059
,,0.48784,,,0.54129,,,0.51968,,,0.54155,,,0.44022,,,0.49521,,,0.45866,,,0.52123
,,0.57175,,,0.57225,,,0.27220,,,0.46452,,,0.45717,,,0.49920,,,0.72311,,,0.63810
,,0.28319,,,0.45167,,,0.50538,,,0.43294,,,0.46551,,,0.47776,,,0.53931,,,0.56291
,,0.53837,,,0.49344,,,0.46393,,,0.38186,,,0.45306,,,0.47791,,,0.47744,,,0.48467
,,0.51438,,,0.47101,,,0.51568,,,0.47646,,,0.43547,,,0.47293,,,0.47532,,,0.48137
,,0.46284,,,0.58511,,,0.46540,,,0.45815,,,0.46049,,,0.62592,,,0.57113,,,0.59926
,,0.48556,,,0.45503,,,0.52195,,,0.61099,,,0.47453,,,0.40777,,,0.46874,,,0.44928
,,0.49107,,,0.49170,,,0.60626,,,0.40667,,,0.51855,,,0.48529,,,0.44485,,,0.46354
,,0.49146,,,0.52415,,,0.47894,,,0.46972,,,0.12928,,,0.44779,,,0.43254,,,0.55979
,,0.46572,,,0.46666,,,0.60072,,,0.47124,,,0.45388,,,0.49163,,,0.45519,,,0.50711
,,0.45489,,,0.45202,,,0.48803,,,0.47763,,,0.46776,,,0.50905,,,0.53270,,,0.25035
,,0.43627,,,0.48307,,,0.46290,,,0.55281,,,0.53971,,,0.63528,,,0.43756,,,0.38519
,,0.42202,,,0.48074,,,0.47101,,,0.55694,,,0.62813,,,0.44825,,,0.46801,,,0.44708
,,0.44665,,,0.46740,,,0.51871,,,0.48587,,,0.48622,,,0.47413,,,0.47248,,,0.46488
,,0.48846,,,0.58046,,,0.35587,,,0.46075,,,0.50133,,,0.56943,,,0.46214,,,0.44967
,,0.43209,,,0.48386,,,0.45835,,,0.44623,,,0.57130,,,0.37260,,,0.44051,,,0.48658
,,0.59062,,,0.21709,,,0.43891,,,0.47285,,,0.45402,,,0.48979,,,0.48639,,,0.49700
,,0.46026,,,0.44856,,,0.49783,,,0.53224,,,0.32489,,,0.45976,,,0.49529,,,0.46425
,,0.53541,,,0.58775,,,0.49576,,,0.43643,,,0.44975,,,0.46331,,,0.62324,,,0.51324
,,0.41018,,,0.47245,,,0.344988,,,0.46977,,,0.47540,,,0.56822,,,0.46051,,,0.45676
,,0.46626,,,0.44090,,,0.50278,,,0.63048,,,0.47520,,,0.51251,,,0.45964,,,0.41912
,,0.47338,,,0.51828,,,0.71808,,,0.50828,,,0.62264,,,0.43405,,,0.46804,,,0.46157
,,0.91187,,,0.9982763,,,0.30024,,,0.13240,,,0.49284,,,0.45181,,,0.43873,,,0.43415
,,0.55732,,,0.51155,,,0.71147,,,0.41580,,,0.48927,,,0.49373,,,0.48132,,,0.51929
,,0.47370,,,0.44228,,,0.54522,,,0.42389,,,0.48521,,,0.52533,,,0.51314,,,0.57081
,,0.36474,,,0.42779,,,0.61959,,,0.40923,,,0.41946,,,0.50706,,,0.56447,,,0.46388
,,0.44724,,,0.57203,,,0.49124,,,0.67143,,,0.35484,,,0.47488,,,0.50040,,,0.49365
,,0.45127,,,0.46515,,,0.44887,,,0.45364,,,0.57922,,,0.41032,,,0.66235,,,0.46535
,,0.65403,,,0.28661,,,0.45492,,,0.45668,,,0.59366,,,0.47175,,,0.46271,,,0.64402
,,0.42623,,,0.58807,,,0.43698,,,0.47310,,,0.68425,,,0.51362,,,0.72927,,,0.52026
,,0.51240,,,0.48307,,,0.46532,,,0.45100,,,0.46940,,,0.44130,,,0.64803,,,0.44886
,,0.47128,,,0.45028,,,0.56931,,,0.47677,,,0.52328,,,0.46030,,,0.57495,,,0.38778
,,0.59121,,,0.53269,,,0.45412,,,0.44481,,,0.50301,,,0.44216,,,0.60507,,,0.41961
,,0.49351,,,0.44900,,,0.48901,,,0.45522,,,0.44807,,,0.46819,,,0.46252,,,0.57275
,,0.41414,,,0.46938,,,0.45495,,,0.41507,,,0.45703,,,0.47092,,,0.48141,,,0.62778
,,0.59457,,,0.45398,,,0.47167,,,0.46121,,,0.58746,,,0.62417,,,0.39156,,,0.46898
,,0.58126,,,0.37850,,,0.46941,,,0.63149,,,0.38350,,,0.49827,,,0.46886,,,0.47544
,,0.76801,,,0.41770,,,0.17748,,,0.45316,,,0.46821,,,0.45580,,,0.66189,,,0.35151
,,0.42169,,,0.47710,,,0.49219,,,0.51316,,,0.44969,,,0.46738,,,0.72927,,,0.53702
,,0.44850,,,0.79437,,,0.29318,,,0.43465,,,0.44931,,,0.49336,,,0.45219,,,0.48157
,,0.43997,,,0.46978,,,0.46538,,,0.61870,,,0.49199,,,0.59140,,,0.47422,,,0.47399
,,0.45599,,,0.46506,,,0.45649,,,0.48898,,,0.60431,,,0.45880,,,0.45586,,,0.51595
,,0.57651,,,0.38072,,,0.44339,,,0.57933,,,0.47514,,,0.51481,,,0.53349,,,0.45743
,,0.46905,,,0.46292,,,0.46391,,,0.73811,,,0.86436,,,0.80922,,,0.49791,,,0.43771
,,0.44877,,,0.44905,,,0.44384,,,0.45723,,,0.42926,,,0.48806,,,0.40129,,,0.45810
,,0.47703,,,0.52317,,,0.41247,,,0.51861,,,0.43438,,,0.46548,,,0.44558,,,0.44931
,,0.51982,,,0.46960,,,0.58135,,,0.60614,,,0.27884,,,0.54403,,,0.50557,,,0.47324
,,0.45113,,,0.46239,,,0.44619,,,0.43071,,,0.42710,,,0.45086,,,0.60665,,,0.62903
,,0.53213,,,0.46773,,,0.47561,,,0.51320,,,0.47751,,,0.44607,,,0.47269,,,0.47367
,,0.48308,,,0.53479,,,0.43650,,,0.46352,,,0.44910,,,0.42541,,,0.47211,,,0.49892
,,0.43044,,,0.48732,,,0.43551,,,0.40787,,,0.45381,,,0.43504,,,0.44049,,,0.44626
,,0.58822,,,0.48199,,,0.46606,,,0.46182,,,0.45916,,,0.49460,,,0.49135,,,0.44284
,,0.49344,,,0.79986,,,0.55567,,,0.46796,,,0.43881,,,0.42219,,,0.42988,,,0.45965
,,0.47913,,,0.50888,,,0.66934,,,0.49675,,,0.44638,,,0.45720,,,0.47312,,,0.44997
,,0.47475,,,0.48216,,,0.46102,,,0.57378,,,0.44095,,,0.42881,,,0.44181,,,0.47965
,,0.58335,,,0.43586,,,0.51666,,,0.58835,,,0.41444,,,0.44839,,,0.51296,,,0.43058
,,0.51177,,,0.35535,,,0.49679,,,0.70422,,,0.59714,,,0.53140,,,0.53775,,,0.33318
,,0.46347,,,0.47846,,,0.62304,,,0.64731,,,0.31996,,,0.55156,,,0.40958,,,0.63411
,,0.53580,,,0.28441,,,0.49769,,,0.43832,,,0.45570,,,0.56450,,,0.50024,,,0.43193
,,0.73080,,,0.33553,,,0.26385,,,0.43228,,,0.46559,,,0.53651,,,0.45113,,,0.43009
,,0.50463,,,0.48250,,,0.47163,,,0.41466,,,0.46664,,,0.46101,,,0.78600,,,0.50392
,,0.59259,,,0.43077,,,0.56280,,,0.43614,,,0.46375,,,0.48889,,,0.70623,,,0.56022
,,0.20710,,,0.44384,,,0.64427,,,0.56719,,,0.43292,,,0.46746,,,0.48704,,,0.57333
,,0.33508,,,0.48035,,,0.44921,,,0.46922,,,0.49088,,,0.53142,,,0.54398,,,0.44029
,,0.56599,,,0.40173,,,0.46775,,,0.59464,,,0.51846,,,0.39728,,,0.47392,,,0.46066
,,0.57993,,,0.47227,,,0.48184,,,0.43662,,,0.49064,,,0.51464,,,0.48856,,,0.69401
,,0.50540,,,0.58761,,,0.47127,,,0.52970,,,0.58138,,,0.47677,,,0.46021,,,0.49258
,,0.47191,,,0.66210,,,0.50761,,,0.45173,,,0.43077,,,0.44778,,,0.42983,,,0.42536
,,0.67086,,,0.38612,,,0.46193,,,0.50546,,,0.47860,,,0.46027,,,0.49019,,,0.44593
,,0.47505,,,0.50100,,,0.63845,,,0.49818,,,0.49911,,,0.337647,,,0.39133,,,0.45266
,,0.41921,,,0.47717,,,0.45337,,,0.50057,,,0.46310,,,0.51600,,,0.45588,,,0.55369
,,0.50051,,,0.48176,,,0.45168,,,0.47652,,,0.54016,,,0.51302,,,0.48803,,,0.44554
,,0.46678,,,0.46005,,,0.52699,,,0.51411,,,0.48112,,,0.61971,,,0.57555,,,0.48797
,,0.43804,,,0.49229,,,0.44900,,,0.53509,,,0.46895,,,0.48795,,,0.55866,,,0.50508
,,0.45921,,,0.48620,,,0.46658,,,0.63657,,,0.42209,,,0.41336,,,0.45634,,,0.48129
,,0.45272,,,0.59974,,,0.74368,,,0.52645,,,0.36937,,,0.49614,,,0.51837,,,0.53040
,,0.51654,,,0.49662,,,0.42027,,,0.46630,,,0.44961,,,0.60359,,,0.48385,,,0.50318
,,0.58616,,,0.41277,,,0.42290,,,0.43598,,,0.47938,,,0.47806,,,0.61370,,,0.32518
,,0.64009,,,0.76095,,,0.45247,,,0.46138,,,0.43097,,,0.47229,,,0.47342,,,0.48511
,,0.47630,,,0.47418,,,0.50039,,,0.46521,,,0.51388,,,0.45071,,,0.43573,,,0.48526
,,0.48511,,,0.47893,,,0.44535,,,0.46335,,,0.49134,,,0.49791,,,0.46662,,,0.48807
,,0.61330,,,0.50410,,,0.46409,,,0.48490,,,0.46961,,,0.53613,,,0.60658,,,0.35291
,,0.48684,,,0.48529,,,0.45001,,,0.41918,,,0.56736,,,0.29145,,,0.49473,,,0.46414
,,0.46287,,,0.49896,,,0.48526,,,0.23310,,,0.47411,,,0.43053,,,0.45785,,,0.58891
,,0.39047,,,0.44518,,,0.47429,,,0.48326,,,0.46456,,,0.47349,,,0.65071,,,0.39555
,,0.49284,,,0.45251,,,0.49443,,,0.45260,,,0.55613,,,0.47221,,,0.44199,,,0.43820
,,0.45065,,,0.43944,,,0.51074,,,0.54571,,,0.48331,,,0.60889,,,0.57172,,,0.44231
,,0.48600,,,0.46349,,,0.52934,,,0.44434,,,0.49943,,,0.48296,,,0.44920,,,0.47003
,,0.48364,,,0.56415,,,0.58927,,,0.23208,,,0.51874,,,0.44416,,,0.46502,,,0.52340
,,0.83031,,,0.37137,,,0.23496,,,0.44042,,,0.46536,,,0.60894,,,0.53317,,,0.68895
,,0.48473,,,0.43036,,,0.45139,,,0.48599,,,0.54139,,,0.50409,,,0.48504,,,0.57649
,,0.45178,,,0.46516,,,0.46920,,,0.46628,,,0.46264,,,0.45830,,,0.54113,,,0.45026
,,0.42187,,,0.46222,,,0.46381,,,0.47456,,,0.56845,,,0.44411,,,0.46016,,,0.47499
,,0.52086,,,0.46024,,,0.42778,,,0.47395,,,0.54153,,,0.42334,,,0.52442,,,0.45123
,,0.43558,,,0.45909,,,0.52080,,,0.44655,,,0.47173,,,0.46577,,,0.45023,,,0.49451
,,0.46222,,,0.58582,,,0.67595,,,0.44590,,,0.45149,,,0.46928,,,0.42169,,,0.43479
,,0.49014,,,0.44807,,,0.43501,,,0.49991,,,0.48048,,,0.54993,,,0.59091,,,0.44138
,,0.45575,,,0.41058,,,0.48270,,,0.45434,,,0.44809,,,0.44508,,,0.43829,,,0.47626
,,0.53512,,,0.77108,,,0.55884,,,0.54398,,,0.31800,,,0.43752,,,0.43327,,,0.44555
,,0.53867,,,0.23579,,,0.50170,,,0.57588,,,0.43739,,,0.43207,,,0.41971,,,0.52517
,,0.48503,,,0.42674,,,0.47381,,,0.47063,,,0.42531,,,0.44527,,,0.46672,,,0.60079
,,0.37595,,,0.57873,,,0.47165,,,0.44990,,,0.47328,,,0.46091,,,0.57499,,,0.46562
,,0.46578,,,0.41782,,,0.48663,,,0.50563,,,0.47814,,,0.43440,,,0.50628,,,0.43602
,,0.44856,,,0.49078,,,0.42437,,,0.47465,,,0.44630,,,0.41096,,,0.40334,,,0.41823
,,0.59621,,,0.36680,,,0.47226,,,0.43674,,,0.57135,,,0.40736,,,0.54769,,,0.44514
,,0.40834,,,0.48344,,,0.54707,,,0.36624,,,0.45872,,,0.57842,,,0.37931,,,0.48220
,,0.48709,,,0.46144,,,0.46375,,,0.50517,,,0.45081,,,0.46922,,,0.30765,,,0.58686
,,0.47285,,,0.47894,,,0.47603,,,0.46836,,,0.45720,,,0.87722,,,0.74130,,,0.46805
,,0.51676,,,0.44707,,,0.42190,,,0.45065,,,0.48139,,,0.52135,,,0.47382,,,0.54598
,,0.47472,,,0.45537,,,0.44787,,,0.49481,,,0.53238,,,0.56351,,,0.55307,,,0.55455
,,0.40576,,,0.44939,,,0.47024,,,0.59508,,,0.64394,,,0.46427,,,0.45514,,,0.59379
,,0.51891,,,0.48541,,,0.44836,,,0.52534,,,0.36371,,,0.48359,,,0.45825,,,0.53205
,,0.78459,,,0.70958,,,0.37527,,,0.48779,,,0.46147,,,0.60397,,,0.39067,,,0.44031
,,0.46587,,,0.49169,,,0.56962,,,0.43528,,,0.45287,,,0.84325,,,0.59576,,,0.53602
,,0.38800,,,0.48241,,,0.59040,,,0.43503,,,0.50616,,,0.61066,,,0.41200,,,0.48746
,,0.41714,,,0.77080,,,0.54685,,,0.70895,,,0.75055,,,0.47686,,,0.39564,,,0.46821
,,0.44482,,,0.69962,,,0.44182,,,0.43488,,,0.55265,,,0.41119,,,0.47056,,,0.46155
,,0.50580,,,0.43018,,,0.43861,,,0.47170,,,0.57212,,,0.43790,,,0.45263,,,0.50251
,,0.59757,,,0.52863,,,0.27735,,,0.75830,,,0.59494,,,0.48632,,,0.54397,,,0.19962
,,0.45708,,,0.48980,,,0.58854,,,0.150185,,,0.44519,,,0.169052,,,0.62085,,,0.35003
,,0.47995,,,0.46574,,,0.44444,,,0.46872,,,0.46588,,,0.47561,,,0.45468,,,0.44608
,,0.45479,,,0.51239,,,0.53181,,,0.49527,,,0.42264,,,0.48118,,,0.42382,,,0.48300
,,0.53138,,,0.54445,,,0.55370,,,0.57916,,,0.41473,,,0.48421,,,0.46297,,,0.49030
,,0.50454,,,0.46148,,,0.59878,,,0.45887,,,0.41746,,,0.48502,,,0.49732,,,0.51286
,,0.48786,,,0.57619,,,0.47253,,,0.43420,,,0.46161,,,0.45799,,,0.46556,,,0.46490
,,0.46104,,,0.43586,,,0.44012,,,0.53407,,,0.49904,,,0.29462,,,0.42010,,,0.46804
,,0.47312,,,0.42742,,,0.337371,,,0.50311,,,0.66622,,,0.24922,,,0.43807,,,0.43738
,,0.47554,,,0.77031,,,0.49995,,,0.48262,,,0.42572,,,0.40999,,,0.49560,,,0.37345
,,0.48717,,,0.76777,,,0.75424,,,0.38270,,,0.43744,,,0.37028,,,0.43979,,,0.50999
,,0.42798,,,0.46003,,,0.48140,,,0.57994,,,0.45057,,,0.50384,,,0.44876,,,0.46893
,,0.59305,,,0.45515,,,0.46848,,,0.63046,,,0.43422,,,0.42153,,,0.46231,,,0.40710
,,0.45870,,,0.40405,,,0.45811,,,0.48541,,,0.54911,,,0.45730,,,0.46242,,,0.42182
,,0.43625,,,0.52197,,,0.43513,,,0.63644,,,0.56785,,,0.64718,,,0.45627,,,0.61821
,,0.47966,,,0.48569,,,0.46517,,,0.55314,,,0.41380,,,0.58507,,,0.44312,,,0.46032
,,0.45266,,,0.48943,,,0.45886,,,0.48091,,,0.45848,,,0.46541,,,0.52571,,,0.41488
,,0.42816,,,0.69166,,,0.59465,,,0.43023,,,0.45844,,,0.49495,,,0.71075,,,0.47242
,,0.46038,,,0.50662,,,0.44053,,,0.47373,,,0.46925,,,0.48826,,,0.67704,,,0.55698
,,0.50795,,,0.43889,,,0.43403,,,0.47366,,,0.45016,,,0.64368,,,0.66106,,,0.44238
,,0.58336,,,0.47311,,,0.41463,,,0.43924,,,0.42233,,,0.61080,,,0.43438,,,0.43844
,,0.62606,,,0.42719,,,0.42819,,,0.46166,,,0.46210,,,0.57607,,,0.41888,,,0.46397
,,0.56867,,,0.44890,,,0.41717,,,0.47339,,,0.46213,,,0.44974,,,0.42216,,,0.47179
,,0.46045,,,0.47594,,,0.43067,,,0.46877,,,0.56136,,,0.47493,,,0.46548,,,0.46669
,,0.65301,,,0.50643,,,0.59803,,,0.41977,,,0.43082,,,0.64376,,,0.47430,,,0.43082
,,0.46354,,,0.45579,,,0.58536,,,0.45074,,,0.69057,,,0.48025,,,0.49429,,,0.49446
,,0.46676,,,0.60428,,,0.35685,,,0.67986,,,0.62092,,,0.46002,,,0.48161,,,0.47328
,,0.50455,,,0.60925,,,0.48476,,,0.59280,,,0.43482,,,0.56703,,,0.32765,,,0.57110
,,0.40328,,,0.46735,,,0.48468,,,0.58985,,,0.65733,,,0.47216,,,0.53685,,,0.36770
,,0.45406,,,0.45188,,,0.68249,,,0.48713,,,0.55770,,,0.58943,,,0.43373,,,0.41944
,,0.47811,,,0.46007,,,0.54731,,,0.43424,,,0.44101,,,0.59598,,,0.41565,,,0.43789
,,0.52656,,,0.54856,,,0.26407,,,0.46804,,,0.47648,,,0.57311,,,0.44609,,,0.52186
,,0.59987,,,0.57739,,,0.46349,,,0.48171,,,0.49147,,,0.80681,,,0.56943,,,0.48112
,,0.46627,,,0.43067,,,0.46276,,,0.46551,,,0.43223,,,0.64476,,,0.37941,,,0.70748
,,0.46731,,,0.46005,,,0.48848,,,0.53968,,,0.42641,,,0.46282,,,0.47081,,,0.57798
,,0.57614,,,0.49036,,,0.45259,,,0.53518,,,0.57580,,,0.43625,,,0.50399,,,0.68917
,,0.59557,,,0.43109,,,0.49208,,,0.45818,,,0.46142,,,0.46490,,,0.45631,,,0.47463
,,0.46430,,,0.55618,,,0.46822,,,0.45738,,,0.47624,,,0.53466,,,0.47367,,,0.62127
,,0.85863,,,0.46382,,,0.44782,,,0.59195,,,0.43256,,,0.47420,,,0.46846,,,0.46924
,,0.48232,,,0.68132,,,0.64550,,,0.44537,,,0.45604,,,0.44973,,,0.58410,,,0.43913
,,0.47972,,,0.46655,,,0.54523,,,0.47317,,,0.46468,,,0.64658,,,0.55476,,,0.56240
,,0.46944,,,0.45763,,,0.57498,,,0.42661,,,0.84015,,,0.43367,,,0.44846,,,0.42809
,,0.46505,,,0.51693,,,0.70681,,,0.68318,,,0.48064,,,0.49935,,,0.47656,,,0.48666
,,0.45891,,,0.47309,,,0.62065,,,0.43169,,,0.59631,,,0.47034,,,0.45138,,,0.48207
,,0.61114,,,0.44610,,,0.38627,,,0.40954,,,0.52077,,,0.47125,,,0.50136,,,0.43997
,,0.49805,,,0.48045,,,0.43526,,,0.48416,,,0.61829,,,0.53594,,,0.49049,,,0.47736
,,0.45626,,,0.46659,,,0.44137,,,0.46660,,,0.61498,,,0.54478,,,0.49756,,,0.45735
,,0.46312,,,0.46628,,,0.49248,,,0.25795,,,0.53356,,,0.58428,,,0.42775,,,0.50685
,,0.44453,,,0.43919,,,0.46364,,,0.49554,,,0.45603,,,0.47711,,,0.46584,,,0.53458
,,0.46200,,,0.46650,,,0.46883,,,0.57821,,,0.44009,,,0.46832,,,0.47645,,,0.42204
,,0.46431,,,0.43118,,,0.47204,,,0.42765,,,0.57654,,,0.28887,,,0.46241,,,0.42758
,,0.49173,,,0.52484,,,0.44681,,,0.51294,,,0.29655,,,0.45888,,,0.47692,,,0.46295
,,0.56015,,,0.55652,,,0.57329,,,0.47710,,,0.43529,,,0.42487,,,0.53042,,,0.60749
,,0.33478,,,0.40839,,,0.41307,,,0.47820,,,0.45130,,,0.58902,,,0.33953,,,0.41130
,,0.44166,,,0.40875,,,0.47336,,,0.44093,,,0.51587,,,0.21363,,,0.43502,,,0.45368
,,0.47196,,,0.58766,,,0.47827,,,0.64908,,,0.30636,,,0.42033,,,0.46535,,,0.45797
,,0.47751,,,0.42662,,,0.47035,,,0.45352,,,0.45557,,,0.40741,,,0.42293,,,0.49259
,,0.69265,,,0.31403,,,0.56385,,,0.39956,,,0.47334,,,0.46300,,,0.46380,,,0.50956
,,0.68408,,,0.28738,,,0.47881,,,0.46581,,,0.47340,,,0.392518,,,0.44573,,,0.51948
,,0.47897,,,0.45032,,,0.42933,,,0.47836,,,0.44852,,,0.42289,,,0.51035,,,0.47230
,,0.39452,,,0.48539,,,0.45376,,,0.47876,,,0.76596,,,0.51044,,,0.50105,,,0.51542
,,0.58603,,,0.43025,,,0.51144,,,0.44683,,,0.54540,,,0.58349,,,0.54969,,,0.43089
,,0.43583,,,0.45256,,,0.43450,,,0.50289,,,0.43800,,,0.48228,,,0.46276,,,0.43768
,,0.43718,,,0.44276,,,0.43095,,,0.47267,,,0.43279,,,0.45327,,,0.55819,,,0.72163
,,0.30068,,,0.42718,,,0.48167,,,0.46431,,,0.44386,,,0.46511,,,0.50020,,,0.43048
,,0.53822,,,0.61244,,,0.23945,,,0.47621,,,0.53741,,,0.46955,,,0.47291,,,0.55861
,,0.41264,,,0.45455,,,0.46342,,,0.47096,,,0.44394,,,0.52206,,,0.58449,,,0.47550
,,0.44212,,,0.50689,,,0.47319,,,0.44918,,,0.45227,,,0.45321,,,0.45460,,,0.51819
,,0.45767,,,0.47925,,,0.44191,,,0.65362,,,0.42247,,,0.46506,,,0.39102,,,0.45398
,,0.46312,,,0.45064,,,0.49498,,,0.12926,,,0.36919,,,0.57434,,,0.46865,,,0.47496
,,0.45272,,,0.48650,,,0.46532,,,0.45106,,,0.51991,,,0.43789,,,0.46030,,,0.55395
,,0.31012,,,0.45203,,,0.52781,,,0.42526,,,0.42032,,,0.46557,,,0.46917,,,0.44448
,,0.58753,,,0.45302,,,0.46803,,,0.46550,,,0.57280,,,0.45262,,,0.41496,,,0.44355
,,0.43302,,,0.44836,,,0.52566,,,0.48943,,,0.52000,,,0.44065,,,0.45142,,,0.43125
,,0.36081,,,0.45312,,,0.46582,,,0.48150,,,0.47778,,,0.43613,,,0.46810,,,0.44876
,,0.46243,,,0.45965,,,0.45909,,,0.57894,,,0.46822,,,0.47796,,,0.44666,,,0.42163
,,0.45938,,,0.44598,,,0.44259,,,0.46343,,,0.58708,,,0.47275,,,0.43903,,,0.48752
,,0.50022,,,0.41804,,,0.47009,,,0.44675,,,0.55274,,,0.46229,,,0.51134,,,0.57689
,,0.28215,,,0.42725,,,0.56720,,,0.46815,,,0.47373,,,0.80564,,,0.64405,,,0.43014
,,0.45326,,,0.42502,,,0.46012,,,0.61066,,,0.43890,,,0.43403,,,0.48734,,,0.47427
,,0.44481,,,0.44193,,,0.44330,,,0.45815,,,0.52925,,,0.46649,,,0.47978,,,0.45309
,,0.45774,,,0.56520,,,0.44543,,,0.46517,,,0.45086,,,0.46112,,,0.44152,,,0.48893
,,0.47132,,,0.44763,,,0.47565,,,0.45678,,,0.43957,,,0.50940,,,0.40574,,,0.70861
,,0.54921,,,0.49209,,,0.47683,,,0.46318,,,0.45158,,,0.46815,,,0.46715,,,0.45154
,,0.57928,,,0.56909,,,0.47266,,,0.55536,,,0.46694,,,0.48731,,,0.50462,,,0.47253
,,0.60310,,,0.38253,,,0.64700,,,0.56387,,,0.49600,,,0.47404,,,0.48143,,,0.44082
,,0.39931,,,0.43971,,,0.52086,,,0.41279,,,0.50323,,,0.43060,,,0.48796,,,0.57150
,,0.47333,,,0.44067,,,0.68246,,,0.56631,,,0.45713,,,0.63584,,,0.41802,,,0.45639
,,0.48379,,,0.72440,,,0.47338,,,0.78282,,,0.45765,,,0.41441,,,0.46713,,,0.42512
,,0.43009,,,0.50375,,,0.43151,,,0.47279,,,0.56355,,,0.44133,,,0.58128,,,0.44496
,,0.46117,,,0.43388,,,0.38261,,,0.45349,,,0.57152,,,0.43440,,,0.57557,,,0.41052
,,0.47823,,,0.47753,,,0.43766,,,0.48476,,,0.81968,,,0.41896,,,0.56864,,,0.67941
,,0.13170883,,,0.48938,,,0.48444,,,0.47408,,,0.43872,,,0.62706,,,0.60591,,,0.45976
,,0.48459,,,0.49182,,,0.48868,,,0.51188,,,0.40328,,,0.49986,,,0.57018,,,0.47964
,,0.57063,,,0.49168,,,0.56051,,,0.48105,,,0.43179,,,0.48305,,,0.58185,,,0.50566
,,0.50438,,,0.54725,,,0.38458,,,0.47321,,,0.60707,,,0.49789,,,0.87739,,,0.60333
,,0.59597,,,0.47686,,,0.46709,,,0.47703,,,0.46251,,,0.45780,,,0.52447,,,0.52239
,,0.56231,,,0.43030,,,0.45899,,,0.48129,,,0.59701,,,0.46652,,,0.46605,,,0.48627
,,0.60995,,,0.45992,,,0.50958,,,0.64460,,,0.25696,,,0.48900,,,0.13777,,,0.45929
,,0.79932,,,0.62038,,,0.34445,,,0.50657,,,0.45408,,,0.47978,,,0.64503,,,0.49258
,,0.46047,,,0.52275,,,0.49949,,,0.45025,,,0.42570,,,0.43746,,,0.50205,,,0.45818
,,0.44577,,,0.48290,,,0.60343,,,0.42780,,,0.53671,,,0.43523,,,0.44035,,,0.44368
,,0.51373,,,0.45290,,,0.50723,,,0.50539,,,0.46453,,,0.48810,,,0.47670,,,0.52803
,,0.49214,,,0.55007,,,0.50271,,,0.49634,,,0.72604,,,0.45218,,,0.46218,,,0.47719
,,0.47821,,,0.59177,,,0.48102,,,0.56675,,,0.51222,,,0.52576,,,0.63232,,,0.46403
,,0.47548,,,0.48119,,,0.46219,,,0.44699,,,0.50080,,,0.46721,,,0.51748,,,0.28273
,,0.47245,,,0.48171,,,0.41182,,,0.40929,,,0.49911,,,0.56881,,,0.40807,,,0.55233
,,0.59103,,,0.45123,,,0.41831,,,0.46683,,,0.45006,,,0.43597,,,0.47474,,,0.62957
,,0.45087,,,0.41226,,,0.47751,,,0.43987,,,0.42435,,,0.51340,,,0.45124,,,0.13046
,,0.47266,,,0.50535,,,0.44566,,,0.44859,,,0.44406,,,0.47622,,,0.53064,,,0.65743
,,0.44309,,,0.45775,,,0.43508,,,0.44851,,,0.61824,,,0.33551,,,0.44611,,,0.44886
,,0.44061,,,0.53424,,,0.46682,,,0.48437,,,0.61815,,,0.40027,,,0.44960,,,0.49286
,,0.47006,,,0.51508,,,0.54779,,,0.59640,,,0.43949,,,0.48311,,,0.62185,,,0.49039
,,0.53827,,,0.44594,,,0.68998,,,0.39879,,,0.45169,,,0.44741,,,0.44252,,,0.53670
,,0.55798,,,0.41215,,,0.48131,,,0.43830,,,0.42532,,,0.51328,,,0.46535,,,0.46305
,,0.47912,,,0.332956,,,0.39022,,,0.46233,,,0.42883,,,0.46722,,,0.56659,,,0.59820
,,0.30609,,,0.47229,,,0.48243,,,0.56141,,,0.44516,,,0.45635,,,0.45117,,,0.48683
,,0.44669,,,0.46850,,,0.48854,,,0.43701,,,0.48896,,,0.44653,,,0.48891,,,0.41668
,,0.48644,,,0.47103,,,0.42838,,,0.50623,,,0.54108,,,0.56325,,,0.48004,,,0.43588
,,0.52001,,,0.47751,,,0.52319,,,0.39062,,,0.45534,,,0.43616,,,0.45144,,,0.47786
,,0.44860,,,0.44990,,,0.49703,,,0.44426,,,0.48365,,,0.53663,,,0.61480,,,0.81675
,,0.36314,,,0.46055,,,0.43108,,,0.45998,,,0.107124,,,0.64699,,,0.45040,,,0.66056
,,0.46112,,,0.45186,,,0.51372,,,0.51699,,,0.46888,,,0.43545,,,0.48666,,,0.43381
,,0.44251,,,0.41186,,,0.53644,,,0.48252,,,0.41963,,,0.44303,,,0.47456,,,0.47047
,,0.57953,,,0.61770,,,0.44341,,,0.58463,,,0.45829,,,0.44484,,,0.56633,,,0.47484
,,0.48628,,,0.73089,,,0.47765,,,0.36056,,,0.43660,,,0.47890,,,0.45468,,,0.49761
,,0.54747,,,0.22224,,,0.45262,,,0.43789,,,0.47817,,,0.43970,,,0.51573,,,0.44534
,,0.44476,,,0.43442,,,0.58395,,,0.53450,,,0.44060,,,0.49282,,,0.36975,,,0.47147
,,0.47691,,,0.45830,,,0.43847,,,0.49409,,,0.36212,,,0.45802,,,0.45928,,,0.44751
,,0.61037,,,0.47849,,,0.49846,,,0.42919,,,0.44293,,,0.40413,,,0.46825,,,0.53062
,,0.45721,,,0.58718,,,0.49850,,,0.47776,,,0.53534,,,0.40204,,,0.70166,,,0.57272
,,0.41769,,,0.46361,,,0.49409,,,0.49744,,,0.56688,,,0.45042,,,0.57827,,,0.40901
,,0.47699,,,0.46432,,,0.48563,,,0.53152,,,0.48896,,,0.59874,,,0.28810,,,0.42873
,,0.54889,,,0.42510,,,0.50677,,,0.45755,,,0.68342,,,0.46435,,,0.44285,,,0.47695
,,0.47198,,,0.51315,,,0.70013,,,0.49917,,,0.43257,,,0.45755,,,0.48874,,,0.44433
,,0.37523,,,0.43158,,,0.41607,,,0.47000,,,0.44450,,,0.46861,,,0.67454,,,0.75041
,,0.28004,,,0.46980,,,0.43514,,,0.45899,,,0.45243,,,0.45473,,,0.56680,,,0.45320
,,0.55523,,,0.42805,,,0.43274,,,0.48180,,,0.44152,,,0.46463,,,0.51988,,,0.45902
,,0.46306,,,0.42514,,,0.46331,,,0.43482,,,0.47867,,,0.62870,,,0.57386,,,0.47409
,,0.58287,,,0.38166,,,0.48906,,,0.52212,,,0.50767,,,0.40228,,,0.48282,,,0.50964
,,0.46673,,,0.49795,,,0.43862,,,0.46786,,,0.46402,,,0.44968,,,0.60144,,,0.40673
,,0.44892,,,0.76225,,,0.57857,,,0.39307,,,0.48527,,,0.78053,,,0.42241,,,0.55844
,,0.48486,,,0.23021,,,0.46713,,,0.45209,,,0.47113,,,0.47779,,,0.47022,,,0.47384
,,0.47619,,,0.44318,,,0.61365,,,0.41445,,,0.47747,,,0.47684,,,0.43918,,,0.44507
,,0.47540,,,0.44553,,,0.52487,,,0.52785,,,0.59353,,,0.48528,,,0.45316,,,0.47086
,,0.50043,,,0.54509,,,0.50206,,,0.44625,,,0.106047,,,0.64739,,,0.48576,,,0.56438
,,0.47784,,,0.63275,,,0.44850,,,0.49573,,,0.46542,,,0.43078,,,0.82001,,,0.17738556
,,0.41186,,,0.13946,,,0.49096,,,0.61451,,,0.46908,,,0.39398,,,0.52194,,,0.47502
,,0.46986,,,0.48213,,,0.47591,,,0.48218,,,0.46806,,,0.53066,,,0.43068,,,0.48135
,,0.45273,,,0.48315,,,0.49775,,,0.51436,,,0.48529,,,0.48096,,,0.47536,,,0.48026
,,0.50649,,,0.66614,,,0.68050,,,0.55221,,,0.42963,,,0.48229,,,0.56758,,,0.39707
,,0.52723,,,0.76508,,,0.59529,,,0.30770,,,0.48793,,,0.47650,,,0.66041,,,0.46082
,,0.45111,,,0.46629,,,0.55909,,,0.31785,,,0.49209,,,0.63480,,,0.31717,,,0.59290
,,0.46076,,,0.53296,,,0.65067,,,0.34036,,,0.63862,,,0.44140,,,0.47309,,,0.47313
,,0.54343,,,0.38267,,,0.49394,,,0.54185,,,0.41894,,,0.52697,,,0.43362,,,0.41972
,,0.54769,,,0.53444,,,0.44527,,,0.63195,,,0.58381,,,0.43462,,,0.48546,,,0.46821
,,0.64722,,,0.72468,,,0.45116,,,0.47926,,,0.50370,,,0.47016,,,0.51181,,,0.43248
,,0.49406,,,0.51181,,,0.44890,,,0.43850,,,0.48438,,,0.46263,,,0.45493,,,0.46929
,,0.44348,,,0.43350,,,0.57586,,,0.41802,,,0.42326,,,0.49248,,,0.49147,,,0.79068
,,0.39836,,,0.48168,,,0.45524,,,0.61346,,,0.41395,,,0.49725,,,0.57447,,,0.44219
,,0.50872,,,0.53933,,,0.49929,,,0.45443,,,0.46288,,,0.45136,,,0.50120,,,0.51696
,,0.40643,,,0.45122,,,0.42453,,,0.51455,,,0.43824,,,0.47475,,,0.57715,,,0.45133
,,0.45184,,,0.49327,,,0.49657,,,0.52796,,,0.59915,,,0.47993,,,0.53403,,,0.49773
,,0.46128,,,0.89613,,,0.76660,,,0.42535,,,0.50448,,,0.58691,,,0.43906,,,0.52018
,,0.56676,,,0.64410,,,0.108182,,,0.62905,,,0.48782,,,0.61739,,,0.46361,,,0.49937
,,0.57156,,,0.47392,,,0.47474,,,0.343413,,,0.46945,,,0.44399,,,0.49246,,,0.48856
,,0.59852,,,0.32609,,,0.43863,,,0.42886,,,0.47708,,,0.44033,,,0.56272,,,0.49079
,,0.53005,,,0.24838,,,0.48063,,,0.43412,,,0.51933,,,0.83575,,,0.55916,,,0.42078
,,0.46953,,,0.42377,,,0.50451,,,0.85720,,,0.46972,,,0.49110,,,0.48399,,,0.48168
,,0.48836,,,0.51045,,,0.83131,,,0.45572,,,0.36999,,,0.43946,,,0.46281,,,0.45991
,,0.48305,,,0.45467,,,0.47338,,,0.46864,,,0.60239,,,0.48123,,,0.52359,,,0.53163
,,0.54649,,,0.54435,,,0.48069,,,0.44136,,,0.50326,,,0.46151,,,0.54178,,,0.51132
,,0.47521,,,0.45701,,,0.48986,,,0.48064,,,0.48170,,,0.44250,,,0.47841,,,0.47003
,,0.47826,,,0.43644,,,0.46179,,,0.58938,,,0.46565,,,0.53591,,,0.49782,,,0.61980
,,0.40051,,,0.44696,,,0.51111,,,0.47146,,,0.55613,,,0.46718,,,0.50165,,,0.70229
,,0.49401,,,0.47432,,,0.55367,,,0.53769,,,0.63377,,,0.44179,,,0.48674,,,0.52030
,,0.71630,,,0.106453,,,0.80449,,,0.30782,,,0.47984,,,0.46872,,,0.49687,,,0.55785
,,0.65438,,,0.39865,,,0.48137,,,0.49898,,,0.46370,,,0.46367,,,0.53453,,,0.52808
,,0.45785,,,0.53822,,,0.48289,,,0.48789,,,0.43959,,,0.54055,,,0.48113,,,0.44729
,,0.45045,,,0.77316,,,0.53138,,,0.49922,,,0.52048,,,0.46113,,,0.48127,,,0.47941
,,0.63654,,,0.50630,,,0.50115,,,0.57547,,,0.36002,,,0.60381,,,0.46757,,,0.44453
,,0.46766,,,0.46370,,,0.48559,,,0.48908,,,0.61981,,,0.41244,,,0.46116,,,0.43086
,,0.61279,,,0.45164,,,0.39586,,,0.45117,,,0.63633,,,0.44978,,,0.55114,,,0.62498
,,0.47016,,,0.54571,,,0.45428,,,0.44119,,,0.45361,,,0.64739,,,0.39727,,,0.42601
,,0.48954,,,0.45338,,,0.46188,,,0.59355,,,0.43011,,,0.46213,,,0.50646,,,0.62025
,,0.43925,,,0.46203,,,0.47951,,,0.47898,,,0.52642,,,0.47073,,,0.50879,,,0.46926
,,0.41874,,,0.49373,,,0.46667,,,0.41223,,,0.67757,,,0.41067,,,0.48302,,,0.42090
,,0.56495,,,0.56652,,,0.43941,,,0.49029,,,0.47698,,,0.50329,,,0.65793,,,0.58403
,,0.46395,,,0.44404,,,0.46066,,,0.59295,,,0.32370,,,0.57138,,,0.25704,,,0.51335
,,0.46547,,,0.47980,,,0.55619,,,0.40793,,,0.49675,,,0.44139,,,0.45711,,,0.45566
,,0.47719,,,0.53861,,,0.30260,,,0.50023,,,0.43296,,,0.84846,,,0.45813,,,0.66856
,,0.31728,,,0.59668,,,0.53463,,,0.48436,,,0.45297,,,0.43990,,,0.47319,,,0.51500
,,0.42983,,,0.45468,,,0.42482,,,0.46608,,,0.58832,,,0.50215,,,0.44582,,,0.44586
,,0.47193,,,0.45888,,,0.44010,,,0.43697,,,0.83377,,,0.57405,,,0.42084,,,0.46814
,,0.46667,,,0.47628,,,0.52493,,,0.65198,,,0.60822,,,0.45234,,,0.45993,,,0.47432
,,0.52651,,,0.55576,,,0.67578,,,0.46938,,,0.47163,,,0.56404,,,0.43776,,,0.47304
,,0.60234,,,0.44395,,,0.45655,,,0.60428,,,0.47913,,,0.48685,,,0.45577,,,0.49960
,,0.49061,,,0.45675,,,0.48150,,,0.48764,,,0.47381,,,0.46045,,,0.55308,,,0.37048
,,0.55604,,,0.46934,,,0.46759,,,0.49424,,,0.81769,,,0.58182,,,0.45078,,,0.39532
,,0.46525,,,0.46950,,,0.68439,,,0.43596,,,0.50020,,,0.49135,,,0.54696,,,0.44985
,,0.48369,,,0.71773,,,0.44390,,,0.47595,,,0.61694,,,0.45366,,,0.63124,,,0.48846
,,0.52412,,,0.51027,,,0.32445,,,0.48599,,,0.47954,,,0.47125,,,0.67020,,,0.66643
,,0.48742,,,0.63224,,,0.49282,,,0.47828,,,0.52623,,,0.48629,,,0.48560,,,0.49306
,,0.44845,,,0.59198,,,0.29645,,,0.49012,,,0.46835,,,0.44161,,,0.46008,,,0.74571
,,0.54818,,,0.31919,,,0.52968,,,0.47420,,,0.46901,,,0.47154,,,0.49763,,,0.48264
,,0.64236,,,0.58115,,,0.48107,,,0.46051,,,0.48318,,,0.57301,,,0.48383,,,0.46625
,,0.47772,,,0.47560,,,0.47257,,,0.46673,,,0.47004,,,0.47368,,,0.47856,,,0.46067
,,0.45089,,,0.46849,,,0.48455,,,0.72974,,,0.58016,,,0.46068,,,0.44575,,,0.59095
,,0.44113,,,0.51901,,,0.50215,,,0.63451,,,0.44623,,,0.51598,,,0.36368,,,0.60270
,,0.47541,,,0.55240,,,0.48510,,,0.51165,,,0.45182,,,0.60056,,,0.36554,,,0.46268
,,0.43731,,,0.55157,,,0.37699,,,0.45314,,,0.50480,,,0.46802,,,0.58186,,,0.49922
,,0.46722,,,0.47406,,,0.44042,,,0.72478,,,0.53729,,,0.45835,,,0.60486,,,0.43632
,,0.47365,,,0.45793,,,0.42907,,,0.48362,,,0.62736,,,0.52117,,,0.43573,,,0.44125
,,0.47503,,,0.47567,,,0.43676,,,0.43116,,,0.51888,,,0.57177,,,0.45911,,,0.63386
,,0.41662,,,0.44936,,,0.54352,,,0.32778,,,0.44111,,,0.42410,,,0.51944,,,0.47419
,,0.48730,,,0.50142,,,0.45681,,,0.47329,,,0.45476,,,0.66973,,,0.50912,,,0.51842
,,0.80830,,,0.55083,,,0.30077,,,0.46904,,,0.58720,,,0.47272,,,0.58515,,,0.52885
,,0.39043,,,0.48904,,,0.44390,,,0.53666,,,0.63096,,,0.15530,,,0.28173,,,0.55094
,,0.43057,,,0.48665,,,0.47968,,,0.64291,,,0.44511,,,0.47644,,,0.43247,,,0.55872
,,0.43045,,,0.50488,,,0.49251,,,0.58494,,,0.40068,,,0.45943,,,0.37490,,,0.67123
,,0.55251,,,0.47106,,,0.56280,,,0.28399,,,0.47033,,,0.48647,,,0.43422,,,0.43247
,,0.79839,,,0.31602,,,0.44329,,,0.48772,,,0.44762,,,0.388100,,,0.46008,,,0.59020
,,0.36206,,,0.49685,,,0.56324,,,0.57384,,,0.59137,,,0.37168,,,0.41495,,,0.50447
,,0.56935,,,0.29835,,,0.66467,,,0.60869,,,0.43474,,,0.47994,,,0.32987,,,0.48889
,,0.60698,,,0.49249,,,0.46668,,,0.42831,,,0.22203,,,0.61610,,,0.40999,,,0.40726
,,0.48372,,,0.56212,,,0.58989,,,0.74368,,,0.64306,,,0.22857,,,0.47421,,,0.42712
,,0.43395,,,0.53219,,,0.37545,,,0.46938,,,0.54992,,,0.60094,,,0.44591,,,0.53048
,,0.41316,,,0.78206,,,0.48875,,,0.26618,,,0.45077,,,0.42641,,,0.42799,,,0.50075
,,0.43839,,,0.56792,,,0.49285,,,0.48961,,,0.43445,,,0.45131,,,0.50500,,,0.47562
,,0.56248,,,0.30132,,,0.43648,,,0.54571,,,0.43182,,,0.48739,,,0.43940,,,0.45981
,,0.47964,,,0.42813,,,0.46473,,,0.58896,,,0.49024,,,0.43741,,,0.45847,,,0.58280
,,0.57190,,,0.48006,,,0.46638,,,0.45230,,,0.55064,,,0.39671,,,0.43293,,,0.47682
,,0.43068,,,0.43875,,,0.58019,,,0.41173,,,0.61916,,,0.27469,,,0.40148,,,0.58718
,,0.26095,,,0.46950,,,0.49018,,,0.49759,,,0.44495,,,0.44979,,,0.42190,,,0.61431
,,0.49305,,,0.48490,,,0.50615,,,0.46166,,,0.43529,,,0.48310,,,0.57752,,,0.43663
,,0.48950,,,0.46539,,,0.45406,,,0.48939,,,0.52284,,,0.44958,,,0.57399,,,0.47238
,,0.51315,,,0.53089,,,0.49493,,,0.45508,,,0.44130,,,0.48987,,,0.84955,,,0.39463
,,0.46085,,,0.49351,,,0.49846,,,0.44424,,,0.49706,,,0.48754,,,0.56517,,,0.54327
,,0.14081,,,0.44534,,,0.49761,,,0.48515,,,0.50245,,,0.48951,,,0.48708,,,0.47303
,,0.48634,,,0.43999,,,0.48119,,,0.50555,,,0.53431,,,0.71432,,,0.60461,,,0.38952
,,0.49136,,,0.42092,,,0.84639,,,0.78321,,,0.80744,,,0.46900,,,0.51301,,,0.50688
,,0.49969,,,0.47474,,,0.72543,,,0.46317,,,0.48314,,,0.51009,,,0.65773,,,0.45925
,,0.57177,,,0.57354,,,0.49383,,,0.65187,,,0.64339,,,0.48897,,,0.44312,,,0.46000
,,0.48904,,,0.47183,,,0.50653,,,0.47148,,,0.47037,,,0.57394,,,0.33700,,,0.46448
,,0.46559,,,0.44357,,,0.47758,,,0.38893,,,0.46716,,,0.50053,,,0.57664,,,0.43988
,,0.46832,,,0.38177,,,0.48284,,,0.57246,,,0.41239,,,0.49042,,,0.46021,,,0.52320
,,0.41670,,,0.47389,,,0.62726,,,0.43548,,,0.47924,,,0.45900,,,0.46726,,,0.54946
,,0.40495,,,0.45411,,,0.60229,,,0.48300,,,0.44354,,,0.46181,,,0.50199,,,0.64449
,,0.47174,,,0.73684,,,0.39524,,,0.43628,,,0.46115,,,0.47393,,,0.68114,,,0.58979
,,0.61551,,,0.42251,,,0.43315,,,0.42321,,,0.43274,,,0.54884,,,0.49641,,,0.43293
,,0.45910,,,0.43583,,,0.44491,,,0.49160,,,0.49428,,,0.52413,,,0.54592,,,0.39391
,,0.47354,,,0.60080,,,0.43605,,,0.49808,,,0.42831,,,0.44010,,,0.48983,,,0.46460
,,0.53292,,,0.76899,,,0.56864,,,0.44661,,,0.51635,,,0.45613,,,0.44778,,,0.53022
,,0.44616,,,0.49241,,,0.80517,,,0.56675,,,0.27683,,,0.44295,,,0.46668,,,0.48171
,,0.60128,,,0.47776,,,0.45455,,,0.47402,,,0.44192,,,0.49304,,,0.44518,,,0.50429
,,0.48704,,,0.44503,,,0.53053,,,0.46359,,,0.45596,,,0.47326,,,0.47716,,,0.46787
,,0.46195,,,0.43445,,,0.42971,,,0.46789,,,0.53086,,,0.46168,,,0.47682,,,0.58193
,,0.46748,,,0.45808,,,0.48644,,,0.45504,,,0.63375,,,0.49408,,,0.49494,,,0.60289
,,0.44894,,,0.45029,,,0.42278,,,0.62877,,,0.49923,,,0.55561,,,0.42364,,,0.41987
,,0.47566,,,0.47971,,,0.48436,,,0.44587,,,0.43825,,,0.48483,,,0.67174,,,0.47579
,,0.43341,,,0.83371,,,0.59493,,,0.34711,,,0.44762,,,0.47491,,,0.44313,,,0.58421
,,0.51008,,,0.49728,,,0.46636,,,0.45966,,,0.42893,,,0.44901,,,0.57650,,,0.55086
,,0.54072,,,0.56436,,,0.42777,,,0.45449,,,0.47946,,,0.68841,,,0.43978,,,0.46460
,,0.46513,,,0.44575,,,0.51865,,,0.50868,,,0.63983,,,0.43345,,,0.50102,,,0.45431
,,0.47794,,,0.43218,,,0.46497,,,0.45347,,,0.49963,,,0.54846,,,0.22405,,,0.56978
,,0.61455,,,0.51546,,,0.62075,,,0.37158,,,0.62554,,,0.48638,,,0.43775,,,0.50060
,,0.61969,,,0.53095,,,0.52124,,,0.58050,,,0.36441,,,0.52726,,,0.43909,,,0.78030
,,0.49944,,,0.62873,,,0.46641,,,0.51577,,,0.43480,,,0.46869,,,0.48801,,,0.54464
,,0.46946,,,0.50111,,,0.49380,,,0.61227,,,0.46646,,,0.68596,,,0.62731,,,0.37684
,,0.48368,,,0.51642,,,0.47698,,,0.48209,,,0.55540,,,0.49226,,,0.60110,,,0.55291
,,0.48855,,,0.51733,,,0.46275,,,0.56290,,,0.56940,,,0.49475,,,0.49141,,,0.47741
,,0.50081,,,0.82095,,,0.36630,,,0.56295,,,0.56604,,,0.43973,,,0.382277,,,0.44858
,,0.45426,,,0.54910,,,0.47284,,,0.47587,,,0.60525,,,0.31467,,,0.47268,,,0.44747
,,0.45779,,,0.48424,,,0.54410,,,0.46278,,,0.59379,,,0.32675,,,0.51562,,,0.48453
,,0.50572,,,0.50746,,,0.60454,,,0.47800,,,0.51412,,,0.56679,,,0.47105,,,0.40664
,,0.47646,,,0.38460,,,0.49505,,,0.61663,,,0.46937,,,0.50350,,,0.51792,,,0.56302
,,0.23907,,,0.43861,,,0.45803,,,0.46975,,,0.45836,,,0.48267,,,0.50675,,,0.45493
,,0.45008,,,0.60142,,,0.57385,,,0.46709,,,0.52184,,,0.51557,,,0.47675,,,0.42444
,,0.41664,,,0.49060,,,0.42651,,,0.43104,,,0.43753,,,0.42547,,,0.46931,,,0.48781
,,0.19516,,,0.47905,,,0.54765,,,0.43210,,,0.52599,,,0.47376,,,0.48503,,,0.49393
,,0.85356,,,0.59206,,,0.49706,,,0.53776,,,0.51211,,,0.44513,,,0.42400,,,0.51926
,,0.45993,,,0.42282,,,0.41589,,,0.46529,,,0.45492,,,0.45483,,,0.47414,,,0.44175
,,0.48823,,,0.46828,,,0.54851,,,0.47306,,,0.56045,,,0.49650,,,0.34027,,,0.57367
,,0.49243,,,0.46747,,,0.44357,,,0.43870,,,0.41569,,,0.46778,,,0.44817,,,0.42433
,,0.54395,,,0.56416,,,0.29139,,,0.42694,,,0.41884,,,0.46161,,,0.41338,,,0.65098
,,0.48709,,,0.46243,,,0.48325,,,0.45367,,,0.49019,,,0.49487,,,0.111392,,,0.54693
,,0.38692,,,0.45971,,,0.47249,,,0.42512,,,0.44236,,,0.58917,,,0.58227,,,0.27426
,,0.45621,,,0.48046,,,0.48753,,,0.50342,,,0.70926,,,0.39119,,,0.47188,,,0.50845
,,0.45268,,,0.47581,,,0.76241,,,0.32837,,,0.50691,,,0.59994,,,0.56061,,,0.68085
,,0.47827,,,0.48608,,,0.55433,,,0.52084,,,0.46889,,,0.49542,,,0.48387,,,0.47757
,,0.46979,,,0.49135,,,0.60868,,,0.47283,,,0.49736,,,0.43766,,,0.51456,,,0.66546
,,0.25466,,,0.54688,,,0.47855,,,0.48246,,,0.66962,,,0.48601,,,0.56038,,,0.51021
,,0.40399,,,0.46391,,,0.47470,,,0.49101,,,0.47969,,,0.55021,,,0.55296,,,0.49637
,,0.46879,,,0.52012,,,0.33858,,,0.61919,,,0.31815,,,0.51379,,,0.46429,,,0.45488
,,0.42959,,,0.51278,,,0.47026,,,0.58587,,,0.59890,,,0.33725,,,0.47123,,,0.48356
,,0.56415,,,0.47864,,,0.57439,,,0.34034,,,0.48460,,,0.50222,,,0.50316,,,0.63593
,,0.50655,,,0.49183,,,0.77556,,,0.36778,,,0.46259,,,0.71283,,,0.48373,,,0.46557
,,0.65201,,,0.51358,,,0.61419,,,0.46354,,,0.48682,,,0.48329,,,0.43185,,,0.50063
,,0.51616,,,0.52545,,,0.46095,,,0.55581,,,0.30371,,,0.43874,,,0.46320,,,0.59353
,,0.43133,,,0.53661,,,0.45802,,,0.46407,,,0.50483,,,0.41732,,,0.45876,,,0.52983
,,0.57391,,,0.44945,,,0.50149,,,0.44390,,,0.58620,,,0.43103,,,0.45905,,,0.45193
,,0.43874,,,0.44741,,,0.48335,,,0.47298,,,0.52209,,,0.71800,,,0.43085,,,0.38600
,,0.43603,,,0.42670,,,0.53398,,,0.53970,,,0.53779,,,0.38901,,,0.57736,,,0.42227
,,0.53480,,,0.55362,,,0.57837,,,0.50013,,,0.47393,,,0.48861,,,0.60904,,,0.26476
,,0.68922,,,0.36791,,,0.49047,,,0.49637,,,0.66875,,,0.45589,,,0.51551,,,0.52063
,,0.63696,,,0.28561,,,0.48119,,,0.46958,,,0.47176,,,0.42996,,,0.53531,,,0.105557
,,0.55109,,,0.45589,,,0.46929,,,0.51047,,,0.57749,,,0.52093,,,0.54520,,,0.50173
,,0.40598,,,0.48329,,,0.54363,,,0.59010,,,0.34949,,,0.58827,,,0.42251,,,0.43616
,,0.47305,,,0.48324,,,0.45317,,,0.46641,,,0.58130,,,0.30410,,,0.57697,,,0.43405
,,0.54700,,,0.24783,,,0.46893,,,0.45084,,,0.46373,,,0.45134,,,0.44690,,,0.46965
,,0.45351,,,0.50532,,,0.46472,,,0.46005,,,0.46096,,,0.59408,,,0.44924,,,0.43654
,,0.47775,,,0.44792,,,0.47830,,,0.41421,,,0.45985,,,0.54887,,,0.45385,,,0.47439
,,0.46000,,,0.49721,,,0.77497,,,0.54388,,,0.28571,,,0.46598,,,0.55169,,,0.46792
,,0.47870,,,0.60077,,,0.44956,,,0.44549,,,0.41511,,,0.56720,,,0.27450,,,0.46058
,,0.45571,,,0.45134,,,0.46860,,,0.46543,,,0.63472,,,0.43931,,,0.47605,,,0.45847
,,0.48952,,,0.48841,,,0.48536,,,0.49858,,,0.55196,,,0.50512,,,0.45346,,,0.45873
,,0.47049,,,0.55065,,,0.47704,,,0.41869,,,0.49767,,,0.46041,,,0.44865,,,0.54236
,,0.92330,,,0.27912,,,0.51024,,,0.84745,,,0.26341,,,0.48320,,,0.49035,,,0.55189
,,0.62324,,,0.54164,,,0.48029,,,0.49853,,,0.49956,,,0.54845,,,0.53356,,,0.48077
,,0.82687,,,0.52343,,,0.48504,,,0.50739,,,0.50660,,,0.50506,,,0.51949,,,0.51555
,,0.45838,,,0.45144,,,0.62443,,,0.54953,,,0.44819,,,0.53036,,,0.44445,,,0.43131
,,0.51009,,,0.49206,,,0.55622,,,0.40913,,,0.57591,,,0.44602,,,0.48933,,,0.45613
,,0.44513,,,0.47714,,,0.55318,,,0.42696,,,0.66545,,,0.42357,,,0.45551,,,0.45752
,,0.44068,,,0.60750,,,0.67805,,,0.55397,,,0.51033,,,0.51395,,,0.46787,,,0.49943
,,0.45569,,,0.56215,,,0.50951,,,0.54465,,,0.34998,,,0.43448,,,0.46295,,,0.49072
,,0.55804,,,0.61958,,,0.49222,,,0.58401,,,0.62504,,,0.42328,,,0.52987,,,0.48307
,,0.86720,,,0.48357,,,0.46472,,,0.49765,,,0.58878,,,0.46442,,,0.54352,,,0.68590
,,0.57132,,,0.47278,,,0.48054,,,0.58082,,,0.47922,,,0.78432,,,0.50078,,,0.43947
,,0.342072,,,0.47535,,,0.48198,,,0.63610,,,0.45584,,,0.66045,,,0.47675,,,0.58526
,,0.55995,,,0.52174,,,0.45728,,,0.42595,,,0.39143,,,0.40739,,,0.48979,,,0.53049
,,0.35731,,,0.52306,,,0.43868,,,0.50941,,,0.54775,,,0.33216,,,0.50351,,,0.64769
,,0.52446,,,0.48036,,,0.52259,,,0.31644,,,0.35634,,,0.47736,,,0.46411,,,0.72052
,,0.61146,,,0.24842,,,0.48665,,,0.48658,,,0.47836,,,0.51335,,,0.51493,,,0.56570
,,0.48048,,,0.50495,,,0.15162,,,0.54025,,,0.62056,,,0.23965,,,0.62945,,,0.71699
,,0.55734,,,0.65880,,,0.48486,,,0.45817,,,0.44632,,,0.46836,,,0.65061,,,0.47461
,,0.46314,,,0.53837,,,0.73792,,,0.56185,,,0.65535,,,0.43459,,,0.54790,,,0.46516
,,0.47617,,,0.41787,,,0.63103,,,0.50401,,,0.29540,,,0.47169,,,0.34066,,,0.46883
,,0.46467,,,0.48171,,,0.48526,,,0.58254,,,0.42015,,,0.81935,,,0.33516,,,0.46446
,,0.45502,,,0.49144,,,0.48048,,,0.42533,,,0.59283,,,0.41414,,,0.55294,,,0.22818
,,0.53598,,,0.47171,,,0.49461,,,0.46467,,,0.65922,,,0.50145,,,0.55109,,,0.36978
,,0.50169,,,0.46244,,,0.47881,,,0.47031,,,0.76907,,,0.57686,,,0.71707,,,0.50330
,,0.45784,,,0.45455,,,0.44150,,,0.45589,,,0.45287,,,0.48101,,,0.59672,,,0.51008
,,0.59729,,,0.42737,,,0.47450,,,0.55221,,,0.44722,,,0.43915,,,0.114577,,,0.62913
,,0.60778,,,0.43558,,,0.42889,,,0.62720,,,0.42443,,,0.44170,,,0.66511,,,0.94095
,,0.69062,,,0.25973,,,0.81214,,,0.45977,,,0.29418,,,0.45637,,,0.58480,,,0.64789
,,0.33831,,,0.46418,,,0.55717,,,0.41577,,,0.47410,,,0.46064,,,0.60311,,,0.44137
,,0.44706,,,0.43897,,,0.70237,,,0.59221,,,0.46900,,,0.58723,,,0.32388,,,0.43011
,,0.46697,,,0.47506,,,0.61562,,,0.45536,,,0.56270,,,0.49202,,,0.43968,,,0.43296
,,0.47054,,,0.65433,,,0.47443,,,0.54653,,,0.52460,,,0.49953,,,0.42993,,,0.46407
,,0.46952,,,0.60699,,,0.26536,,,0.42427,,,0.47469,,,0.42130,,,0.39587,,,0.42539
,,0.38950,,,0.43836,,,0.46372,,,0.46206,,,0.61874,,,0.42877,,,0.55951,,,0.42620
,,0.49528,,,0.45307,,,0.46970,,,0.58417,,,0.57193,,,0.48106,,,0.41479,,,0.45243
,,0.49552,,,0.43520,,,0.44263,,,0.49430,,,0.83043,,,0.57131,,,0.24476,,,0.42345
,,0.39654,,,0.45788,,,0.44752,,,0.46562,,,0.47873,,,0.45778,,,0.45573,,,0.44685
,,0.42944,,,0.59808,,,0.27554,,,0.48558,,,0.47600,,,0.49190,,,0.45063,,,0.53622
,,0.41389,,,0.47164,,,0.44210,,,0.44381,,,0.48654,,,0.73487,,,0.71221,,,0.50855
,,0.58086,,,0.51308,,,0.42384,,,0.43239,,,0.51854,,,0.52548,,,0.47048,,,0.49647
,,0.44324,,,0.54551,,,0.48275,,,0.44643,,,0.48658,,,0.45985,,,0.59414,,,0.56671
,,0.47788,,,0.58559,,,0.54216,,,0.44638,,,0.46074,,,0.53150,,,0.48243,,,0.75310
,,0.61528,,,0.40076,,,0.56070,,,0.47498,,,0.48346,,,0.44597,,,0.46403,,,0.49244
,,0.57299,,,0.49166,,,0.65201,,,0.28418,,,0.47778,,,0.57159,,,0.44726,,,0.51329
,,0.56624,,,0.22070,,,0.45918,,,0.56217,,,0.52561,,,0.46813,,,0.44554,,,0.45767
,,0.44050,,,0.48530,,,0.58229,,,0.49358,,,0.42922,,,0.21650,,,0.49768,,,0.47350
,,0.48151,,,0.45770,,,0.45582,,,0.44549,,,0.74933,,,0.44841,,,0.43219,,,0.49767
,,0.44114,,,0.47199,,,0.54804,,,0.49749,,,0.48240,,,0.57303,,,0.40128,,,0.46982
,,0.46198,,,0.44501,,,0.42483,,,0.47546,,,0.44658,,,0.56582,,,0.42251,,,0.45430
,,0.48772,,,0.55181,,,0.48334,,,0.61233,,,0.48141,,,0.66568,,,0.45040,,,0.46863
,,0.56198,,,0.40705,,,0.54817,,,0.62382,,,0.58054,,,0.48112,,,0.46373,,,0.45761
,,0.42158,,,0.45757,,,0.49753,,,0.58006,,,0.36807,,,0.46812,,,0.41948,,,0.49154
,,0.45693,,,0.64330,,,0.65189,,,0.44548,,,0.49667,,,0.48944,,,0.45342,,,0.46257
,,0.50821,,,0.63404,,,0.48873,,,0.37086,,,0.47520,,,0.53795,,,0.54203,,,0.58259
,,0.58437,,,0.46409,,,0.45049,,,0.47566,,,0.63688,,,0.68085,,,0.52441,,,0.61211
,,0.21514,,,0.60120,,,0.46645,,,0.43193,,,0.56041,,,0.46194,,,0.49144,,,0.47070
,,0.48233,,,0.47006,,,0.43168,,,0.53508,,,0.54232,,,0.48332,,,0.46114,,,0.43324
,,0.44836,,,0.55223,,,0.49935,,,0.57067,,,0.32031,,,0.48309,,,0.48747,,,0.47990
,,0.66598,,,0.64196,,,0.44736,,,0.45518,,,0.46856,,,0.43908,,,0.50794,,,0.46783
,,0.60879,,,0.45281,,,0.43595,,,0.47864,,,0.43862,,,0.40880,,,0.59128,,,0.49843
,,0.41904,,,0.46184,,,0.45032,,,0.50064,,,0.51914,,,0.47353,,,0.12941,,,0.61542
,,0.331806,,,0.47710,,,0.44404,,,0.47733,,,0.43909,,,0.65694,,,0.46552,,,0.43570
,,0.44598,,,0.46815,,,0.42999,,,0.35878,,,0.49893,,,0.60514,,,0.56414,,,0.39025
,,0.41799,,,0.48588,,,0.40836,,,0.53076,,,0.56629,,,0.43787,,,0.49708,,,0.62907
,,0.47484,,,0.42006,,,0.51911,,,0.45686,,,0.44338,,,0.44525,,,0.41833,,,0.48026
,,0.41935,,,0.41305,,,0.44550,,,0.60804,,,0.61156,,,0.23255,,,0.43988,,,0.47925
,,0.45375,,,0.52468,,,0.46326,,,0.45392,,,0.43834,,,0.45849,,,0.62357,,,0.53298
,,0.53759,,,0.45551,,,0.74247,,,0.47944,,,0.57303,,,0.44980,,,0.53873,,,0.61310
,,0.46238,,,0.48374,,,0.42723,,,0.49033,,,0.71620190,,,0.11848,,,0.48305,,,0.58284
,,0.50056,,,0.12822,,,0.64113,,,0.48613,,,0.48490,,,0.39660,,,0.45503,,,0.13101
,,0.46582,,,0.66413,,,0.46169,,,0.45976,,,0.11506,,,0.45454,,,0.40307,,,0.40155
,,0.46774,,,0.47216,,,0.12796,,,0.59028,,,0.60368,,,0.42709,,,0.59586,,,0.54324
,,0.43523,,,0.46951,,,0.49140,,,0.51006,,,0.373144,,,0.49751,,,0.45846,,,0.102003
,,0.50037,,,0.43449,,,0.43537,,,0.58077,,,0.53304,,,0.49814,,,0.51661,,,0.62634
,,0.45139,,,0.52003,,,0.328995,,,0.1240948,,,0.51206,,,0.52867,,,0.50655,,,0.1358341
,,0.49407,,,0.47918,,,0.50159,,,0.1311147,,,0.1127620,,,0.216669,,,0.8333,,,0.256412
,,0.7613,,,0.8936,,,0.7600,,,0.8174,,,0.7447,,,0.1126130,
