timestamp_now1,timestamp_start1,callback1,timestamp_now2,timestamp_start2,callback2
1642407416.793197380,1642407416.4251896835,0.1067199,1642407416.884728057,1642407416.4283322883,0.46242
1642407416.892419979,1642407416.055645107,0.31192,1642407416.988427057,1642407416.156253856,0.48307
1642407417.016897327,1642407416.124126822,0.61658,1642407417.086637805,1642407417.255014211,0.34027
1642407417.154460426,1642407417.261864816,0.30535,1642407417.181590074,1642407417.356487029,0.47097
1642407417.298965547,1642407417.402889439,0.59269,1642407417.303443173,1642407417.456216501,0.43107
1642407417.381006072,1642407417.554985848,0.45328,1642407417.447359560,1642407417.549470307,0.57859
1642407417.482224068,1642407417.655822888,0.38214,1642407417.585283216,1642407417.698207130,0.75127
1642407417.588692575,1642407417.755621050,0.38695,1642407417.687082623,1642407417.855564966,0.40220
1642407417.727218255,1642407417.832348553,0.53070,1642407417.783357380,1642407417.955812321,0.43316
1642407417.859253992,1642407417.972619593,0.69449,1642407417.881620470,1642407417.1055589662,0.33321
1642407417.996483231,1642407417.1107904872,0.31726,1642407417.999989216,1642407417.1158093241,0.65193
1642407418.081608770,1642407418.1255209421,0.32367,1642407418.132651999,1642407418.1241183152,0.29366
1642407418.182181656,1642407418.1355799751,0.34254,1642407418.268936168,1642407418.1377341209,0.68295
1642407418.284553104,1642407418.1458022164,0.31596,1642407418.401831027,1642407418.1511303252,0.37066
1642407418.405228759,1642407418.1555838687,0.53623,1642407418.481302192,1642407418.1654980485,0.33939
1642407418.533404496,1642407418.1644133021,0.31553,1642407418.581625237,1642407418.1755403558,0.57518
1642407418.666181497,1642407418.1779665771,0.53135,1642407418.680693431,1642407418.1855174914,0.44699
1642407418.805822406,1642407418.1914181480,0.50116,1642407418.809190291,1642407418.1955698823,0.48905
1642407418.880410015,1642407418.2054969815,0.32151,1642407418.939446183,1642407418.2047674430,0.53536
1642407418.979761324,1642407418.2154761753,0.36064,1642407419.072615789,1642407419.2183680758,0.131541
1642407419.080873325,1642407419.2255006217,0.31557,1642407419.204377738,1642407419.2316470329,0.44538
1642407419.207723693,1642407419.2356294692,0.52207,1642407419.281528135,1642407419.2455026167,0.33414
1642407419.339533409,1642407419.2449501624,0.31393,1642407419.381237341,1642407419.2555336579,0.64045
1642407419.474351358,1642407419.2587463662,0.22409,1642407419.480367048,1642407419.2655435721,0.23373
1642407419.610451546,1642407419.2721173031,0.37693,1642407419.613814638,1642407419.2757132163,0.75368
1642407419.683533184,1642407419.2856763112,0.32205,1642407419.747716068,1642407419.2857040762,0.41601
1642407419.781491856,1642407419.2955680485,0.34131,1642407419.885268595,1642407419.2996898736,0.80694
1642407419.888693024,1642407419.3056389738,0.32349,1642407419.985340626,1642407419.3155078445,0.37305
1642407420.022618648,1642407419.3132155752,0.54020,1642407420.080171246,1642407420.3254861007,0.46145
1642407420.155743996,1642407420.3268044152,0.31300,1642407420.181844396,1642407420.3356951358,0.62115
1642407420.294371550,1642407420.3404937796,0.31944,1642407420.297752378,1642407420.3459159284,0.30699
1642407420.381994957,1642407420.3555346353,0.54827,1642407420.429562524,1642407420.3537269778,0.94509
1642407420.480704358,1642407420.3655379101,0.30860,1642407420.567629237,1642407420.3678991586,0.52649
1642407420.583546692,1642407420.3757663690,0.37086,1642407420.700934555,1642407420.3813426940,0.54236
1642407420.704292532,1642407420.3855937412,0.27321,1642407420.780725886,1642407420.3955108490,0.41950
1642407420.838723414,1642407420.3946775840,0.55818,1642407420.880962966,1642407420.4055812634,0.33572
1642407420.977729619,1642407420.4087579294,0.27161,1642407420.985974533,1642407420.4160649686,0.47055
1642407421.109992677,1642407421.4220167313,0.34551,1642407421.113368464,1642407421.4255959834,0.26147
1642407421.181714462,1642407421.060195654,0.38972,1642407421.243865685,1642407421.058916346,0.57848
1642407421.280550012,1642407421.160164840,0.30688,1642407421.382513703,1642407421.197144253,0.40862
1642407421.385998109,1642407421.261942897,0.53678,1642407421.487181952,1642407421.360999667,0.35993
1642407421.519655424,1642407421.332490392,0.30965,1642407421.582487843,1642407421.460241780,0.45139
1642407421.656355041,1642407421.470653048,0.61284,1642407421.682268282,1642407421.562238539,0.32868
1642407421.795294709,1642407421.610226958,0.27653,1642407421.798680509,1642407421.660731790,0.46302
1642407421.880884202,1642407421.760147785,0.35750,1642407421.930407120,1642407421.744516754,0.34705
1642407421.980532714,1642407421.860061597,0.39281,1642407422.064884676,1642407421.880314244,0.35113
1642407422.080626322,1642407422.959892746,0.30078,1642407422.196001902,1642407422.1014367236,0.47848
1642407422.199412257,1642407422.1062091436,0.41046,1642407422.280379905,1642407422.1159807510,0.24928
1642407422.331994144,1642407422.1147619663,0.30861,1642407422.380416244,1642407422.1260087917,0.40076
1642407422.465940232,1642407422.1284032343,0.66816,1642407422.480493079,1642407422.1360101524,0.33847
1642407422.599871456,1642407422.1418103804,0.31151,1642407422.603291978,1642407422.1460860180,0.38311
1642407422.681635077,1642407422.1560069184,0.32871,1642407422.742251588,1642407422.1551486621,0.80062
1642407422.787138600,1642407422.1661464482,0.33066,1642407422.913013712,1642407422.1712804235,0.75520
1642407422.916503671,1642407422.1767459127,0.30816,1642407422.985702346,1642407422.1865158209,0.42840
1642407423.048457920,1642407422.1862337240,0.80617,1642407423.080854635,1642407423.1960881069,0.36292
1642407423.183659255,1642407423.1999922162,0.31190,1642407423.187128390,1642407423.2060410266,0.54992
1642407423.288971485,1642407423.2161301045,0.45980,1642407423.323718370,1642407423.2134340147,0.57641
1642407423.381629930,1642407423.2259992052,0.33611,1642407423.453083270,1642407423.2270845997,0.62593
1642407423.480772188,1642407423.2360626180,0.32426,1642407423.588823277,1642407423.2405699364,0.51693
1642407423.592337302,1642407423.2461776020,0.32789,1642407423.686208449,1642407423.2560368049,0.47737
1642407423.727150287,1642407423.2539503129,0.31612,1642407423.780289707,1642407423.2659865232,0.36749
1642407423.858762535,1642407423.2674645171,0.55183,1642407423.882109347,1642407423.2761054681,0.34053
1642407423.993235778,1642407423.2811052228,0.31559,1642407423.996696451,1642407423.2860591508,0.59011
1642407424.080610966,1642407424.2960160020,0.32711,1642407424.128695626,1642407424.2944360482,0.38123
1642407424.180575764,1642407424.3060066618,0.32530,1642407424.262317537,1642407424.3080502747,0.57830
1642407424.284293919,1642407424.3161255495,0.22570,1642407424.399920499,1642407424.3216675246,0.43148
1642407424.403371938,1642407424.3260811738,0.33717,1642407424.480724703,1642407424.3360166321,0.78483
1642407424.535661277,1642407424.3349838513,0.32089,1642407424.581720853,1642407424.3460959710,0.42354
1642407424.669705756,1642407424.3487220249,0.66789,1642407424.680178610,1642407424.3560163143,0.33331
1642407424.805179304,1642407424.3621300346,0.30816,1642407424.808596056,1642407424.3661478415,0.60294
1642407424.880472641,1642407424.3759817324,0.30881,1642407424.939854308,1642407424.3755238920,0.52357
1642407424.980813894,1642407424.3860661330,0.33047,1642407425.076497122,1642407425.3892823055,0.61117
1642407425.081361563,1642407425.3961057595,0.28683,1642407425.187424399,1642407425.4060616655,0.45373
1642407425.217169921,1642407425.4027315140,0.33380,1642407425.282903088,1642407425.4161650681,0.60925
1642407425.347938206,1642407425.4163057927,0.38133,1642407425.380788196,1642407425.4260750017,0.43264
1642407425.485815295,1642407425.005703424,0.50881,1642407425.489295410,1642407425.065843868,0.32962
1642407425.595095500,1642407425.172323831,0.29943,1642407425.629044875,1642407425.141277739,0.44767
1642407425.680736225,1642407425.265461114,0.31441,1642407425.760571150,1642407425.280115765,0.82181
1642407425.782419703,1642407425.366191891,0.33989,1642407425.894481432,1642407425.415394204,0.35937
1642407425.897818290,1642407425.465512339,0.30035,1642407425.981474529,1642407425.565686401,0.52000
1642407426.029882462,1642407425.547412431,0.52608,1642407426.081135400,1642407426.665705981,0.34485
1642407426.163126740,1642407426.682612646,0.31907,1642407426.181442814,1642407426.764967468,0.48586
1642407426.299033908,1642407426.818714687,0.44460,1642407426.302413817,1642407426.865565996,0.64260
1642407426.380699296,1642407426.965324320,0.32896,1642407426.433245937,1642407426.951576939,0.70429
1642407426.481232232,1642407426.1065915509,0.40965,1642407426.565337546,1642407426.1087199602,0.57070
1642407426.581197798,1642407426.1165216530,0.34138,1642407426.699539095,1642407426.1222692915,0.55069
1642407426.702952853,1642407426.1267377157,0.35471,1642407426.780400052,1642407426.1364963799,0.37014
1642407426.835489149,1642407426.1355640551,0.47590,1642407426.882606263,1642407426.1467066261,0.33305
1642407426.972466361,1642407426.1495088707,0.30819,1642407426.980400276,1642407426.1565360956,0.38237
1642407427.110035054,1642407427.1629559772,0.32255,1642407427.113459216,1642407427.1665996571,0.21199
1642407427.180583247,1642407427.1765242488,0.32980,1642407427.241806506,1642407427.1763764205,0.54865
1642407427.280815545,1642407427.1865803703,0.32090,1642407427.379440218,1642407427.1900516187,0.41064
1642407427.383656551,1642407427.1966927788,0.35333,1642407427.488345585,1642407427.2066183129,0.39155
1642407427.518504347,1642407427.2035480109,0.33698,1642407427.582459985,1642407427.2165214921,0.44444
1642407427.653650003,1642407427.2174665101,0.65799,1642407427.681121691,1642407427.2265846076,0.33971
1642407427.790298538,1642407427.2312335324,0.39485,1642407427.793706394,1642407427.2365701351,0.37116
1642407427.881234687,1642407427.2465145152,0.32190,1642407427.927063297,1642407427.2446636441,0.28853
1642407427.981224507,1642407427.2565793003,0.32713,1642407428.061992693,1642407427.2583871396,0.54043
1642407428.083806889,1642407428.2666662854,0.47840,1642407428.200801985,1642407428.2723196166,0.42849
1642407428.204245582,1642407428.2765837214,0.33952,1642407428.280440342,1642407428.2865030233,0.43924
1642407428.338858819,1642407428.2859172935,0.34128,1642407428.383155610,1642407428.2965946558,0.37195
1642407428.482019845,1642407428.2998699420,0.48662,1642407428.488403952,1642407428.3071472079,0.33709
1642407428.589171832,1642407428.3166737998,0.31109,1642407428.623468610,1642407428.3138601306,0.39001
1642407428.680467184,1642407428.3265049756,0.47112,1642407428.758941029,1642407428.3281000090,0.23916
1642407428.783327622,1642407428.3366484760,0.31394,1642407428.895988992,1642407428.3420212868,0.41197
1642407428.899403512,1642407428.3465529713,0.35902,1642407428.981744268,1642407428.3564992941,0.66587
1642407429.034929833,1642407428.3555067944,0.66697,1642407429.081639176,1642407429.3665724202,0.40981
1642407429.171101860,1642407429.3694541316,0.38002,1642407429.179980398,1642407429.3765168094,0.63790
1642407429.286481670,1642407429.3866120520,0.35881,1642407429.314085513,1642407429.3831368474,0.58285
1642407429.382907910,1642407429.3964730287,0.48716,1642407429.449925237,1642407429.3972462591,0.59011
1642407429.482174935,1642407429.4065947830,0.30184,1642407429.590511866,1642407429.4112202350,0.37714
1642407429.594079858,1642407429.4166157402,0.72383,1642407429.681523056,1642407429.4265271311,0.33702
1642407429.729419056,1642407429.4249517691,0.30725,1642407429.782294730,1642407429.070679224,0.45707
1642407429.865389315,1642407429.092281331,0.63374,1642407429.880413943,1642407429.170007794,0.61845
1642407430.003289609,1642407429.230803650,0.32941,1642407430.006730781,1642407429.271395460,0.50646
1642407430.080735619,1642407430.370283256,0.39146,1642407430.140360213,1642407430.366612898,0.39415
1642407430.181580286,1642407430.471696146,0.41808,1642407430.279955913,1642407430.505901834,0.47155
1642407430.283712001,1642407430.572113042,0.30775,1642407430.386997230,1642407430.670894796,0.47549
1642407430.421180860,1642407430.641318829,0.67076,1642407430.482995562,1642407430.770521451,0.34275
1642407430.555401102,1642407430.779615684,0.31321,1642407430.582444392,1642407430.871521968,0.51177
1642407430.694862664,1642407430.918271974,0.39322,1642407430.698445372,1642407430.970978073,0.50318
1642407430.780981458,1642407430.1070444421,0.33100,1642407430.830486656,1642407430.1052509711,0.61959
1642407430.881193439,1642407430.1170912896,0.32875,1642407430.964779100,1642407430.1190295098,0.53331
1642407430.981077619,1642407430.1270135605,0.35144,1642407431.105741843,1642407431.1327203904,0.90643
1642407431.109256029,1642407431.1375068106,0.32421,1642407431.180651348,1642407431.1470099726,0.35405
1642407431.239823108,1642407431.1462739719,0.53564,1642407431.280869865,1642407431.1570866619,0.34542
1642407431.377723051,1642407431.1599944240,0.31926,1642407431.383555691,1642407431.1672480855,0.48042
1642407431.498016745,1642407431.1773337712,0.54685,1642407431.539513868,1642407431.1745523308,0.29377
1642407431.586022672,1642407431.1873315880,0.37097,1642407431.699666069,1642407431.1907148956,0.63620
1642407431.703961261,1642407431.1973555187,0.34971,1642407431.782912519,1642407431.2070901103,0.49679
1642407431.840889176,1642407431.2061717120,0.31191,1642407431.882697930,1642407431.2170923671,0.80100
1642407431.979959567,1642407431.2205219350,0.32313,1642407431.983706281,1642407431.2271813299,0.45590
1642407432.087383423,1642407432.2371047922,0.56896,1642407432.118080236,1642407432.2340326605,0.33279
1642407432.181754712,1642407432.2469539214,0.31588,1642407432.251289759,1642407432.2479110809,0.68671
1642407432.280400005,1642407432.2570538634,0.31988,1642407432.392146310,1642407432.2617084880,0.22778
1642407432.395548763,1642407432.2675397663,0.34944,1642407432.482874701,1642407432.2770566043,0.63695
1642407432.524789345,1642407432.2750488752,0.31783,1642407432.580042026,1642407432.2869721887,0.43376
1642407432.657134048,1642407432.2885081239,0.33467,1642407432.681935375,1642407432.2971292281,0.74449
1642407432.792089174,1642407432.3018686890,0.35474,1642407432.795527884,1642407432.3072367839,0.44429
1642407432.880800157,1642407432.3170395666,0.60538,1642407432.926887831,1642407432.3152436368,0.34159
1642407432.980673948,1642407432.3269946175,0.31622,1642407433.061256888,1642407432.3288205466,0.56864
1642407433.083965334,1642407433.3371749239,0.29687,1642407433.201900962,1642407433.3426413127,0.59642
1642407433.205332439,1642407433.3474634636,0.34566,1642407433.280850865,1642407433.3570203397,0.61068
1642407433.335063550,1642407433.3559886691,0.28533,1642407433.380829881,1642407433.3670593623,0.42832
1642407433.473996199,1642407433.3698597563,0.48239,1642407433.481084057,1642407433.3770921117,0.18575
1642407433.589902843,1642407433.3873351889,0.32116,1642407433.617566587,1642407433.3835966340,0.37413
1642407433.683071001,1642407433.3971502507,0.43544,1642407433.751112934,1642407433.3973960418,0.49564
1642407433.781427258,1642407433.4071358583,0.37709,1642407433.889609327,1642407433.4116245259,0.39971
1642407433.893021759,1642407433.4171974235,0.42668,1642407433.982085962,1642407433.4270613771,0.47937
1642407434.024675342,1642407433.4250859057,0.37354,1642407434.081885575,1642407434.075843673,0.61796
1642407434.162721108,1642407434.093434896,0.31189,1642407434.183041581,1642407434.175691137,0.43173
1642407434.302452300,1642407434.231834586,0.58277,1642407434.305853795,1642407434.279632961,0.34589
1642407434.380529832,1642407434.375018034,0.28728,1642407434.436743475,1642407434.364659460,0.48083
1642407434.482572314,1642407434.475637128,0.66469,1642407434.571323672,1642407434.501359322,0.55927
1642407434.579991471,1642407434.575062802,0.36496,1642407434.708182243,1642407434.635808606,0.71240
1642407434.711573387,1642407434.675603124,0.31857,1642407434.780414904,1642407434.775088364,0.40826
1642407434.842458915,1642407434.769437663,0.38642,1642407434.882306318,1642407434.876383700,0.62008
1642407434.982175416,1642407434.906880632,0.32108,1642407434.985719692,1642407434.976893752,0.34879
1642407435.086917047,1642407435.1075878324,0.43010,1642407435.117229039,1642407435.1042947107,0.40781
1642407435.182965288,1642407435.1176171233,0.30706,1642407435.251388398,1642407435.1179403882,0.70065
1642407435.281132229,1642407435.1276157045,0.68514,1642407435.386897005,1642407435.1319679025,0.52924
1642407435.390333022,1642407435.1375644124,0.33484,1642407435.486225844,1642407435.1475288318,0.55524
1642407435.524952457,1642407435.1453687171,0.31834,1642407435.580846607,1642407435.1575662284,0.57501
1642407435.659959219,1642407435.1590394742,0.33385,1642407435.683475872,1642407435.1677045179,0.44993
1642407435.797331193,1642407435.1731121078,0.33964,1642407435.800791768,1642407435.1775421313,0.35784
1642407435.880123039,1642407435.1874919993,0.47233,1642407435.934485563,1642407435.1865964131,0.33999
1642407435.980100264,1642407435.1975298223,0.43450,1642407436.071110086,1642407436.2004018478,0.39953
1642407436.080630946,1642407436.2075625550,0.32593,1642407436.192745813,1642407436.2181106952,0.21350
1642407436.220164311,1642407436.2143804072,0.33355,1642407436.294944931,1642407436.2285378959,0.50656
1642407436.393481424,1642407436.2299574004,0.42362,1642407436.399514762,1642407436.2378224122,0.39974
1642407436.483747766,1642407436.2476456567,0.35729,1642407436.554192421,1642407436.2466124759,0.37013
1642407436.583860726,1642407436.2576867539,0.36682,1642407436.701077060,1642407436.2623813277,0.34834
1642407436.704624037,1642407436.2676629679,0.48539,1642407436.783157090,1642407436.2776095070,0.34131
1642407436.856379444,1642407436.2770240589,0.32246,1642407436.883556556,1642407436.2876654266,0.37940
1642407436.998509213,1642407436.2925135663,0.32469,1642407437.002054368,1642407436.2975847423,0.22499
1642407437.082858458,1642407437.3075672293,0.54845,1642407437.145752762,1642407437.3066912245,0.50495
1642407437.180554458,1642407437.3175437184,0.33003,1642407437.290942273,1642407437.3216197768,0.44352
1642407437.295941034,1642407437.3276781228,0.39941,1642407437.380856215,1642407437.3375457398,0.38050
1642407437.428971061,1642407437.3358381328,0.31688,1642407437.481078004,1642407437.3475613753,0.45076
1642407437.563754220,1642407437.3495032630,0.79426,1642407437.581398791,1642407437.3575158027,0.39864
1642407437.703952681,1642407437.3631725834,0.39653,1642407437.707377272,1642407437.3676140790,0.37393
1642407437.780073383,1642407437.3774910217,0.32194,1642407437.850916470,1642407437.3770603046,0.105028
1642407437.884308355,1642407437.3876543006,0.33530,1642407438.000192610,1642407437.3925675264,0.36083
1642407438.004811493,1642407437.3979054073,0.30901,1642407438.081226687,1642407438.4075130494,0.49171
1642407438.148868682,1642407438.4069974343,0.39286,1642407438.180990940,1642407438.4175915948,0.41788
1642407438.293998118,1642407438.4220424024,0.32996,1642407438.298398440,1642407438.4275655960,0.43917
1642407438.380745844,1642407438.079992524,0.50501,1642407438.440935743,1642407438.068950820,0.56191
1642407438.481627287,1642407438.181043483,0.33694,1642407438.582963079,1642407438.216457431,0.61337
1642407438.586449549,1642407438.282204875,0.40923,1642407438.688134585,1642407438.381015746,0.51853
1642407438.723477179,1642407438.352387197,0.34053,1642407438.781722182,1642407438.480069383,0.50096
1642407438.855476241,1642407438.489902042,0.31133,1642407438.881995516,1642407438.582245257,0.55025
1642407438.995768599,1642407438.626389795,0.55748,1642407438.999607556,1642407438.681399551,0.33820
1642407439.082753154,1642407439.782442376,0.30927,1642407439.132942925,1642407439.764788280,0.39362
1642407439.182270444,1642407439.881988850,0.79258,1642407439.266423472,1642407439.900895942,0.49493
1642407439.281361583,1642407439.980231345,0.33839,1642407439.398741002,1642407439.1035861052,0.54016
1642407439.402196142,1642407439.1081775498,0.31056,1642407439.480747571,1642407439.1180382568,0.39564
1642407439.534401408,1642407439.1168590128,0.37029,1642407439.580947700,1642407439.1280803822,0.60038
1642407439.670579250,1642407439.1307345891,0.31036,1642407439.680101345,1642407439.1380282808,0.33786
1642407439.789263692,1642407439.1482292299,0.56102,1642407439.821244426,1642407439.1446683796,0.33035
1642407439.881934861,1642407439.1581087376,0.30820,1642407439.965353188,1642407439.1593387319,0.35357
1642407439.981239111,1642407439.1680589053,0.31823,1642407440.089199498,1642407440.1781160849,0.77333
1642407440.117068124,1642407440.1741278342,0.44805,1642407440.183435902,1642407440.1880610031,0.41977
1642407440.263703176,1642407440.1891534050,0.30503,1642407440.283651146,1642407440.1980824480,0.41990
1642407440.389079574,1642407440.2081052166,0.46348,1642407440.417486252,1642407440.2042269589,0.29669
1642407440.483233069,1642407440.2180419843,0.34507,1642407440.562295887,1642407440.2191536429,0.47008
1642407440.584030543,1642407440.2282000025,0.53020,1642407440.688753062,1642407440.2381332695,0.59104
1642407440.718852761,1642407440.2343126342,0.37253,1642407440.781352429,1642407440.2480515887,0.53798
1642407440.861857318,1642407440.2491926802,0.31388,1642407440.883326820,1642407440.2581305101,0.40736
1642407441.011379996,1642407440.2639515612,0.34211,1642407441.014785921,1642407440.2682652691,0.65852
1642407441.081938718,1642407441.2781379394,0.27027,1642407441.151395917,1642407441.2782210239,0.37259
1642407441.180442422,1642407441.2880720937,0.51955,1642407441.294920074,1642407441.2926758698,0.33631
1642407441.298329322,1642407441.2982048799,0.31411,1642407441.381883811,1642407441.3080865445,0.41836
1642407441.441439822,1642407441.3066521663,0.31522,1642407441.480297090,1642407441.3180596488,0.26998
1642407441.585873073,1642407441.3215982957,0.33672,1642407441.589284919,1642407441.3281516081,0.32176
1642407441.688367313,1642407441.3380453631,0.32966,1642407441.732820427,1642407441.3358135888,0.33721
1642407441.780603621,1642407441.3480587798,0.31517,1642407441.882816444,1642407441.3508589403,0.36824
1642407441.886878844,1642407441.3582527185,0.30374,1642407441.988830159,1642407441.3681786883,0.40485
1642407442.023198259,1642407441.3653666207,0.62810,1642407442.080972086,1642407442.3779920353,0.34807
1642407442.153447721,1642407442.3790936797,0.33648,1642407442.180976779,1642407442.3881112355,0.78540
1642407442.291716084,1642407442.3927847389,0.30510,1642407442.295209477,1642407442.3981848150,0.54142
1642407442.381249806,1642407442.4080636562,0.32689,1642407442.430658866,1642407442.4062747613,0.36296
1642407442.480667877,1642407442.4180494445,0.31450,1642407442.563644438,1642407442.4198051929,0.41052
1642407442.581040433,1642407442.4280375372,0.80285,1642407442.696573253,1642407442.037742756,0.33134
1642407442.700076407,1642407442.085822110,0.31614,1642407442.780687352,1642407442.185351714,0.62736
1642407442.833282977,1642407442.172065032,0.28933,1642407442.881004823,1642407442.285747847,0.20532
1642407442.967967810,1642407442.310201935,0.39765,1642407442.980147866,1642407442.385171407,0.53727
1642407443.106862407,1642407443.445666965,0.41457,1642407443.110257651,1642407443.489705636,0.49215
1642407443.180735228,1642407443.585413002,0.34959,1642407443.239025794,1642407443.577727322,0.97200
1642407443.280704951,1642407443.685923256,0.31773,1642407443.373958523,1642407443.715651803,0.32774
1642407443.380487093,1642407443.785721672,0.49333,1642407443.490007718,1642407443.887192818,0.30138
1642407443.519094172,1642407443.851942994,0.31275,1642407443.581873378,1642407443.985215787,0.70922
1642407443.658071529,1642407443.995368039,0.30873,1642407443.681951514,1642407443.1086783863,0.70084
1642407443.796652148,1642407443.1135296471,0.38799,1642407443.800046242,1642407443.1185916366,0.76293
1642407443.880523017,1642407443.1285224993,0.29802,1642407443.943216289,1642407443.1274929351,0.39056
1642407443.980430096,1642407443.1385683093,0.35065,1642407444.086166047,1642407444.1421382779,0.44298
1642407444.089781415,1642407444.1486345233,0.29258,1642407444.181921108,1642407444.1585564721,0.38179
1642407444.232395431,1642407444.1565028613,0.59381,1642407444.279735706,1642407444.1684836584,0.48450
1642407444.371571206,1642407444.1709587363,0.32597,1642407444.379958379,1642407444.1785382546,0.72670
1642407444.488122253,1642407444.1885538760,0.40651,1642407444.517140476,1642407444.1849973255,0.45559
1642407444.581997550,1642407444.1985034661,0.33596,1642407444.657620173,1642407444.1994044141,0.67874
1642407444.681843845,1642407444.2085705423,0.48458,1642407444.799134554,1642407444.2137302830,0.39583
1642407444.802565048,1642407444.2185799976,0.41674,1642407444.879996944,1642407444.2284895374,0.33662
1642407444.940893172,1642407444.2276044643,0.29238,1642407444.980426606,1642407444.2385710664,0.64463
1642407445.083984508,1642407445.2419806232,0.57385,1642407445.087485691,1642407445.2485742397,0.54403
1642407445.188052673,1642407445.2585973695,0.30201,1642407445.228502714,1642407445.2561599430,0.65899
1642407445.280412208,1642407445.2685395463,0.31700,1642407445.367549554,1642407445.2705483875,0.54041
1642407445.380095283,1642407445.2785275219,0.35346,1642407445.487206072,1642407445.2885884198,0.86297
1642407445.513447406,1642407445.2846116618,0.30394,1642407445.582703698,1642407445.2986249151,0.44345
1642407445.654604775,1642407445.2989500617,0.51391,1642407445.681592248,1642407445.3086841543,0.33103
1642407445.798686889,1642407445.3135390971,0.29337,1642407445.802088803,1642407445.3185775272,0.53262
1642407445.880316236,1642407445.3285236311,0.33570,1642407445.942149290,1642407445.3276148654,0.25498
1642407445.981029263,1642407445.3386283596,0.37791,1642407446.084498226,1642407446.3421160003,0.44735
1642407446.087923133,1642407446.3485807571,0.30172,1642407446.187592193,1642407446.3585592581,0.45714
1642407446.228496618,1642407446.3561944028,0.50096,1642407446.280138540,1642407446.3685108369,0.69690
1642407446.366786996,1642407446.3705029504,0.41122,1642407446.380303892,1642407446.3785177283,0.53780
1642407446.511058814,1642407446.3844664565,0.60296,1642407446.514509156,1642407446.3885808947,0.55282
1642407446.583441892,1642407446.3987302505,0.38156,1642407446.655297362,1642407446.3988665016,0.50058
1642407446.685997468,1642407446.4090694370,0.33135,1642407446.802326338,1642407446.4136578203,0.110322
1642407446.805873218,1642407446.4190596423,0.64637,1642407446.884872737,1642407446.4289162463,0.35583
1642407446.940435120,1642407446.4276389299,0.35543,1642407446.982886460,1642407446.091411413,0.66090
1642407447.078392677,1642407447.123410019,0.50632,1642407447.082188007,1642407447.191939621,0.71567
1642407447.186918646,1642407447.291006884,0.33887,1642407447.217139931,1642407447.259177115,0.50561
1642407447.283312599,1642407447.390235115,0.31194,1642407447.356729090,1642407447.398224391,0.55420
1642407447.383473027,1642407447.491326853,0.45563,1642407447.495571450,1642407447.540671725,0.46565
1642407447.499196940,1642407447.592724085,0.31455,1642407447.580492216,1642407447.690302638,0.57358
1642407447.633889656,1642407447.678171361,0.54720,1642407447.680437002,1642407447.790531232,0.52747
1642407447.767877115,1642407447.815875800,0.51646,1642407447.779898247,1642407447.890166737,0.75252
1642407447.905710481,1642407447.949952479,0.49652,1642407447.909126650,1642407447.994996820,0.60970
1642407447.980744459,1642407447.1090298174,0.33254,1642407448.039178147,1642407447.1082729438,0.44389
1642407448.081264165,1642407448.1191156353,0.30938,1642407448.181174969,1642407448.1223362082,0.45610
1642407448.186487582,1642407448.1296496340,0.42548,1642407448.287416036,1642407448.1390824437,0.32638
1642407448.319365736,1642407448.1359268802,0.30880,1642407448.383244044,1642407448.1490021434,0.77149
1642407448.451338277,1642407448.1497303767,0.60156,1642407448.481240738,1642407448.1590457059,0.56581
1642407448.594603177,1642407448.1636011776,0.33000,1642407448.598074705,1642407448.1694124247,0.65939
1642407448.682165533,1642407448.1790631620,0.30919,1642407448.727146692,1642407448.1770782457,0.56931
1642407448.780334329,1642407448.1890207795,0.49324,1642407448.862065733,1642407448.1907203985,0.64523
1642407448.883210582,1642407448.1992275452,0.27996,1642407448.998270350,1642407448.2044387868,0.37837
1642407449.001697292,1642407448.2091428918,0.64165,1642407449.079987755,1642407449.2189958306,0.30997
1642407449.138896916,1642407449.2179133979,0.26476,1642407449.180497123,1642407449.2290942242,0.66233
1642407449.283586395,1642407449.2323343256,0.49071,1642407449.287159621,1642407449.2391706592,0.39412
1642407449.388615418,1642407449.2490926862,0.32296,1642407449.428537570,1642407449.2465082922,0.53448
1642407449.480613286,1642407449.2590575751,0.33935,1642407449.568020713,1642407449.2610706927,0.44640
1642407449.580151127,1642407449.2690414553,0.34111,1642407449.707111257,1642407449.2752004505,0.88156
1642407449.710802923,1642407449.2791410262,0.27725,1642407449.780477946,1642407449.2890217086,0.43121
1642407449.845343616,1642407449.2887451972,0.53491,1642407449.880389259,1642407449.2990705736,0.31511
1642407449.982234976,1642407449.3024134117,0.24731,1642407449.985729661,1642407449.3091834208,0.107663
1642407450.087830469,1642407450.3190954480,0.31126,1642407450.119232173,1642407450.3159084154,0.23257
1642407450.182974411,1642407450.3290694050,0.34007,1642407450.251741759,1642407450.3296060188,0.100950
1642407450.281256856,1642407450.3390787591,0.31207,1642407450.395328718,1642407450.3434586154,0.48902
1642407450.399921916,1642407450.3491684355,0.44855,1642407450.482150722,1642407450.3590447272,0.47824
1642407450.542184064,1642407450.3580392122,0.26963,1642407450.580846032,1642407450.3690098066,0.42716
1642407450.685995412,1642407450.3727401072,0.79865,1642407450.690409441,1642407450.3790562943,0.33969
1642407450.785407574,1642407450.3890436106,0.32124,1642407450.827704846,1642407450.3870967027,0.65515
1642407450.881272521,1642407450.3990914114,0.52775,1642407450.965797918,1642407450.4009845836,0.55147
1642407450.980444632,1642407450.4090169395,0.34249,1642407451.097346837,1642407451.4144903467,0.58074
1642407451.100800558,1642407451.4190919677,0.26444,1642407451.180215399,1642407451.4289997532,0.49384
1642407451.232875475,1642407451.4278390014,0.65459,1642407451.280489757,1642407451.095378015,0.43828
1642407451.366863710,1642407451.119137792,0.30920,1642407451.381883903,1642407451.196550839,0.48886
1642407451.504354993,1642407451.255273713,0.63547,1642407451.507781704,1642407451.296486112,0.42393
1642407451.581502751,1642407451.395200032,0.32620,1642407451.640405646,1642407451.389899094,0.62573
1642407451.680221474,1642407451.495164574,0.53427,1642407451.778888632,1642407451.529031861,0.49873
1642407451.783360796,1642407451.597077122,0.39802,1642407451.887110088,1642407451.695944646,0.87656
1642407451.918508700,1642407451.665415678,0.35547,1642407451.983341163,1642407451.794993406,0.35458
1642407452.052162295,1642407451.804478417,0.44864,1642407452.080909624,1642407452.895608397,0.33847
1642407452.188733012,1642407452.940865137,0.40472,1642407452.192151694,1642407452.996962865,0.68579
1642407452.284588132,1642407452.1095389974,0.31610,1642407452.325845372,1642407452.1074893469,0.21517
1642407452.381163671,1642407452.1194967361,0.33622,1642407452.459679006,1642407452.1212583976,0.67525
1642407452.482588707,1642407452.1295963095,0.40117,1642407452.597832802,1642407452.1348975035,0.42290
1642407452.601291055,1642407452.1398957207,0.34461,1642407452.681484859,1642407452.1495122874,0.58661
1642407452.734846276,1642407452.1483036292,0.30080,1642407452.781326275,1642407452.1595383629,0.36201
1642407452.867799933,1642407452.1619940751,0.68922,1642407452.881681514,1642407452.1695501286,0.33018
1642407453.002830570,1642407452.1755108918,0.31643,1642407453.006282012,1642407452.1796093164,0.66867
1642407453.080214264,1642407453.1895110811,0.31436,1642407453.138716457,1642407453.1888044303,0.53684
1642407453.180858483,1642407453.1996060398,0.36675,1642407453.275459123,1642407453.2024503254,0.110413
1642407453.285204168,1642407453.2100635924,0.27770,1642407453.387631292,1642407453.2195905275,0.47456
1642407453.414366413,1642407453.2158700889,0.43143,1642407453.481157470,1642407453.2295868747,0.17755
1642407453.548443815,1642407453.2294900420,0.27444,1642407453.580607107,1642407453.2396033982,0.36962
1642407453.685008938,1642407453.2433607552,0.55668,1642407453.688416758,1642407453.2495664280,0.56902
1642407453.789517477,1642407453.2595982041,0.37399,1642407453.827726861,1642407453.2566871297,0.62208
1642407453.882324926,1642407453.2697074758,0.40167,1642407453.961741511,1642407453.2712353229,0.55593
1642407453.984874979,1642407453.2796970740,0.52032,1642407454.099555880,1642407454.2853149184,0.34173
1642407454.102964046,1642407454.2895962589,0.27579,1642407454.181074150,1642407454.2995042762,0.41947
1642407454.238110050,1642407454.2988814889,0.46514,1642407454.281937746,1642407454.3096209247,0.30342
1642407454.378448470,1642407454.3129056874,0.27525,1642407454.382861914,1642407454.3196931495,0.46392
1642407454.488604882,1642407454.3296578410,0.18476,1642407454.522346109,1642407454.3267730073,0.54132
1642407454.580561965,1642407454.3395473444,0.31469,1642407454.654857464,1642407454.3407788286,0.45162
1642407454.681727307,1642407454.3497134530,0.30133,1642407454.795258946,1642407454.3546803063,0.47848
1642407454.798683475,1642407454.3595740428,0.34001,1642407454.880560841,1642407454.3695252243,0.87668
1642407454.930379443,1642407454.3680300125,0.39345,1642407454.981644438,1642407454.3795664572,0.35496
1642407455.063384304,1642407454.3816167271,0.57373,1642407455.081900662,1642407455.3895412826,0.34723
1642407455.202417228,1642407455.3952105927,0.30346,1642407455.205805628,1642407455.3999788150,0.48332
1642407455.280810244,1642407455.4095423533,0.32945,1642407455.339137832,1642407455.4086055254,0.19951
1642407455.382794872,1642407455.4197317398,0.33658,1642407455.490630833,1642407455.4229878610,0.61152
1642407455.494552375,1642407455.003617223,0.30201,1642407455.581140260,1642407455.100837725,0.37095
1642407455.634092811,1642407455.087009707,0.33803,1642407455.680724537,1642407455.200726575,0.64527
1642407455.773076550,1642407455.227890639,0.31608,1642407455.784679152,1642407455.305080105,0.43287
1642407455.909774692,1642407455.364016871,0.44316,1642407455.913238214,1642407455.401225560,0.32578
1642407455.983154191,1642407455.501744207,0.50793,1642407456.051349383,1642407455.504991312,0.47940
1642407456.082831047,1642407456.602983429,0.59522,1642407456.198754655,1642407456.649660128,0.69175
1642407456.202287652,1642407456.704862986,0.66797,1642407456.281028445,1642407456.800425748,0.41516
1642407456.337858537,1642407456.790980178,0.39319,1642407456.381203256,1642407456.901407163,0.38038
1642407456.478087862,1642407456.931570077,0.32450,1642407456.486018288,1642407456.1006348525,0.66967
1642407456.586978651,1642407456.1101257512,0.40704,1642407456.614213226,1642407456.1065636333,0.38297
1642407456.683451620,1642407456.1201924630,0.31879,1642407456.751927967,1642407456.1204852554,0.54770
1642407456.782175381,1642407456.1302543408,0.58594,1642407456.890008974,1642407456.1346814934,0.33037
1642407456.893403660,1642407456.1400903930,0.32670,1642407456.981227961,1642407456.1500568680,0.33848
1642407457.029777355,1642407456.1481823629,0.33408,1642407457.080820749,1642407457.1600733751,0.71821
1642407457.163807193,1642407457.1621168287,0.32576,1642407457.183874507,1642407457.1702503079,0.37768
1642407457.305146887,1642407457.1759698909,0.31631,1642407457.308549247,1642407457.1803177814,0.39667
1642407457.380412415,1642407457.1900252962,0.57305,1642407457.442009534,1642407457.1896440918,0.48137
1642407457.480256585,1642407457.2000601425,0.31929,1642407457.581494280,1642407457.2034883800,0.64468
1642407457.587005145,1642407457.2106287537,0.33209,1642407457.687966372,1642407457.2201006931,0.27936
1642407457.717371957,1642407457.2169083050,0.33217,1642407457.783797840,1642407457.2300674121,0.57744
1642407457.851820592,1642407457.2307378949,0.30438,1642407457.881808648,1642407457.2401990570,0.39262
1642407457.995583820,1642407457.2447465931,0.58125,1642407457.998969128,1642407457.2503473508,0.33190
1642407458.082124124,1642407458.2600443182,0.31557,1642407458.128171777,1642407458.2581095777,0.38892
1642407458.180405718,1642407458.2700326415,0.32279,1642407458.265278046,1642407458.2718426346,0.25855
1642407458.282419279,1642407458.2802053697,0.37633,1642407458.399952176,1642407458.2852664957,0.75713
1642407458.403414664,1642407458.2902827074,0.35873,1642407458.480750655,1642407458.3000414089,0.47487
1642407458.535246415,1642407458.2987204159,0.37382,1642407458.581425156,1642407458.3101213227,0.83761
1642407458.674878482,1642407458.3126389215,0.40364,1642407458.685074237,1642407458.3205460842,0.44729
1642407458.804510343,1642407458.3261115491,0.56491,1642407458.807956559,1642407458.3301500286,0.33762
1642407458.880592206,1642407458.3400460788,0.30707,1642407458.940482755,1642407458.3395325645,0.76687
1642407458.981139169,1642407458.3501441765,0.31928,1642407459.077522750,1642407459.3532605925,0.111153
1642407459.083420240,1642407459.3601980799,0.31511,1642407459.189398071,1642407459.3703025437,0.36753
1642407459.219037774,1642407459.3668442258,0.49181,1642407459.283476116,1642407459.3801241415,0.75239
1642407459.353650967,1642407459.3806378171,0.58170,1642407459.382230753,1642407459.3901821312,0.32789
1642407459.490786369,1642407459.3945036062,0.31759,1642407459.494249435,1642407459.4000830304,0.69198
1642407459.586229371,1642407459.4100485602,0.31806,1642407459.627058084,1642407459.4079180483,0.78746
1642407459.680881368,1642407459.4200715404,0.33275,1642407459.758469029,1642407459.4216128254,0.56187
1642407459.783105529,1642407459.006953241,0.29846,1642407459.895994302,1642407459.056350932,0.62309
1642407459.899407980,1642407459.108469768,0.40467,1642407459.980483275,1642407459.205336847,0.32868
1642407460.029200163,1642407459.188445003,0.30918,1642407460.080749084,1642407460.305678950,0.55344
1642407460.162460641,1642407460.324550400,0.31319,1642407460.184368502,1642407460.406713416,0.26828
1642407460.300913850,1642407460.461349953,0.32894,1642407460.304372593,1642407460.509649873,0.63490
1642407460.380021724,1642407460.604882482,0.30202,1642407460.435086331,1642407460.593913058,0.43547
1642407460.484547916,1642407460.707708813,0.41367,1642407460.572363391,1642407460.732262836,0.20477
1642407460.584589097,1642407460.809814738,0.32043,1642407460.707414988,1642407460.866353947,0.45062
1642407460.710774731,1642407460.909810446,0.64852,1642407460.780237630,1642407460.1005138773,0.43798
1642407460.842232712,1642407460.998525764,0.38941,1642407460.880669747,1642407460.1105988526,0.58692
1642407460.975692865,1642407460.1137923139,0.37271,1642407460.981491447,1642407460.1205864675,0.40949
1642407461.088508131,1642407461.1306373021,0.54092,1642407461.117104188,1642407461.1272108509,0.56407
1642407461.186877904,1642407461.1407361731,0.53008,1642407461.257432848,1642407461.1413315295,0.40378
1642407461.284421070,1642407461.1507484622,0.50919,1642407461.397615848,1642407461.1556549768,0.49435
1642407461.401034907,1642407461.1607459772,0.30322,1642407461.481477054,1642407461.1705528585,0.36700
1642407461.532144519,1642407461.1691163183,0.34534,1642407461.580703502,1642407461.1805641429,0.7242
1642407461.665854059,1642407461.1828104204,0.34334,1642407461.681058506,1642407461.1905383045,0.53761
1642407461.806826320,1642407461.1964508015,0.32547,1642407461.810285019,1642407461.2010537610,0.53350
1642407461.880378177,1642407461.2105146265,0.33914,1642407461.941073876,1642407461.2099289310,0.46209
1642407461.981254625,1642407461.2206533302,0.34338,1642407462.076386424,1642407462.2237755012,0.41880
1642407462.081036067,1642407462.2306229137,0.47012,1642407462.188332762,1642407462.2406816614,0.32221
1642407462.216186009,1642407462.2373225668,0.31476,1642407462.283705396,1642407462.2505819198,0.47608
1642407462.352062005,1642407462.2511796652,0.31038,1642407462.381494454,1642407462.2605746940,0.22076
1642407462.494596345,1642407462.2652138175,0.33706,1642407462.497989283,1642407462.2707205976,0.40869
1642407462.582283859,1642407462.2806602646,0.30916,1642407462.646166644,1642407462.2795863935,0.40837
1642407462.682910472,1642407462.2906373190,0.38362,1642407462.794467938,1642407462.2947959738,0.39382
1642407462.797901434,1642407462.3010186671,0.31485,1642407462.883933357,1642407462.3106294947,0.70647
1642407462.932460904,1642407462.3086385974,0.69815,1642407462.984336346,1642407462.3207021433,0.49585
1642407463.070674270,1642407463.3231891215,0.33420,1642407463.080133333,1642407463.3305633058,0.65234
1642407463.188253964,1642407463.3405847232,0.116571,1642407463.216245887,1642407463.3368084748,0.57856
1642407463.283014328,1642407463.3505094813,0.37890,1642407463.354785195,1642407463.3513643156,0.93350
1642407463.382302883,1642407463.3605861910,0.38606,1642407463.493047121,1642407463.3654481515,0.46929
1642407463.496444373,1642407463.3706219213,0.83160,1642407463.581353395,1642407463.3805328049,0.34315
1642407463.637041746,1642407463.3790248786,0.57832,1642407463.682996933,1642407463.3906631715,0.86202
1642407463.778370164,1642407463.3935934614,0.67604,1642407463.783366795,1642407463.4007217846,0.43612
1642407463.888521429,1642407463.4106838534,0.39833,1642407463.921349583,1642407463.4073937634,0.51691
1642407463.980849541,1642407463.4205633575,0.35001,1642407464.056247286,1642407463.4216272132,0.47291
1642407464.081995449,1642407464.011467083,0.72838,1642407464.194574307,1642407464.060230649,0.33441
1642407464.198016053,1642407464.114674180,0.50915,1642407464.280949900,1642407464.210586811,0.50966
1642407464.328798112,1642407464.193349192,0.50734,1642407464.382079780,1642407464.310934936,0.52647
1642407464.469985680,1642407464.334445214,0.56617,1642407464.484115433,1642407464.413781095,0.93462
1642407464.602398737,1642407464.469634185,0.37117,1642407464.605789580,1642407464.511895676,0.47372
1642407464.681096288,1642407464.610572228,0.52236,1642407464.740311594,1642407464.604488293,0.46517
1642407464.781357598,1642407464.711532701,0.60459,1642407464.876358572,1642407464.743562306,0.49911
1642407464.881331896,1642407464.811128658,0.45948,1642407464.989021171,1642407464.912298885,0.41910
1642407465.016821107,1642407464.877575975,0.37571,1642407465.082920706,1642407465.1010637305,0.92464
1642407465.151349384,1642407465.1016502770,0.35620,1642407465.180698352,1642407465.1110942879,0.42142
1642407465.287536409,1642407465.1154891024,0.72434,1642407465.290953895,1642407465.1211069905,0.32786
1642407465.382391782,1642407465.1310551694,0.31899,1642407465.429488361,1642407465.1290472652,0.71541
1642407465.481520616,1642407465.1411417108,0.33176,1642407465.569442870,1642407465.1431280608,0.117127
1642407465.580631244,1642407465.1510672439,0.33451,1642407465.698845958,1642407465.1616478883,0.81517
1642407465.734774059,1642407465.1573463880,0.30045,1642407465.783529442,1642407465.1712651189,0.37139
1642407465.886429303,1642407465.1733734271,0.42691,1642407465.891376078,1642407465.1815098658,0.33087
1642407465.984381020,1642407465.1910397584,0.32082,1642407466.027398580,1642407465.1890077248,0.57544
1642407466.081850570,1642407466.2011133307,0.47559,1642407466.159789574,1642407466.2028195516,0.44069
1642407466.189885148,1642407466.2118640206,0.34185,1642407466.294812053,1642407466.2217097148,0.54559
1642407466.334929537,1642407466.2181942149,0.30622,1642407466.381352629,1642407466.2310705406,0.36649
1642407466.475673335,1642407466.2339636444,0.43239,1642407466.480912961,1642407466.2410931376,0.32996
1642407466.588363520,1642407466.2511525512,0.31439,1642407466.621049983,1642407466.2476945467,0.43221
1642407466.680610653,1642407466.2610731148,0.43704,1642407466.762724626,1642407466.2623228982,0.40012
1642407466.783238088,1642407466.2711682474,0.33878,1642407466.901752070,1642407466.2768788692,0.62042
1642407466.905287300,1642407466.2817068459,0.32024,1642407466.986359751,1642407466.2916091945,0.52587
1642407467.050723516,1642407466.2913180165,0.39618,1642407467.088067146,1642407467.3017009295,0.57448
1642407467.192467954,1642407467.3059931760,0.31991,1642407467.196656198,1642407467.3111145161,0.41507
,,0.52319,,,0.52362
,,0.33545,,,0.66353
,,0.40866,,,0.53694
,,0.34244,,,0.66862
,,0.31016,,,0.48080
,,0.42662,,,0.33504
,,0.30925,,,0.67210
,,0.66232,,,0.45842
,,0.33337,,,0.68473
,,0.28770,,,0.60678
,,0.35095,,,0.59026
,,0.29526,,,0.37738
,,0.43641,,,0.33991
,,0.31120,,,0.72560
,,0.32925,,,0.24356
,,0.80011,,,0.79250
,,0.31488,,,0.62770
,,0.34696,,,0.57416
,,0.29949,,,0.42425
,,0.53392,,,0.30833
,,0.26220,,,0.66316
,,0.43792,,,0.21888
,,0.37577,,,0.60629
,,0.32466,,,0.45716
,,0.44564,,,0.57373
,,0.27142,,,0.51793
,,0.104559,,,0.39398
,,0.38613,,,0.92716
,,0.36204,,,0.40538
,,0.39698,,,0.72503
,,0.78686,,,0.36013
,,0.40107,,,0.33266
,,0.39896,,,0.65228
,,0.31570,,,0.23360
,,0.33976,,,0.58180
,,0.29232,,,0.37471
,,0.52655,,,0.33473
,,0.31466,,,0.69389
,,0.92245,,,0.60871
,,0.32613,,,0.62313
,,0.28588,,,0.40227
,,0.39024,,,0.71874
,,0.30457,,,0.47348
,,0.68981,,,0.40879
,,0.39002,,,0.103959
,,0.39192,,,0.47228
,,0.34897,,,0.56186
,,0.30337,,,0.34574
,,0.69170,,,0.34609
,,0.31329,,,0.35665
,,0.31987,,,0.24028
,,0.33730,,,0.39047
,,0.30476,,,0.38472
,,0.106687,,,0.36123
,,0.30917,,,0.77245
,,0.66435,,,0.67141
,,0.34186,,,0.53202
,,0.31433,,,0.61251
,,0.40473,,,0.35592
,,0.31554,,,0.36355
,,0.46118,,,0.34629
,,0.33616,,,0.47085
,,0.33790,,,0.42583
,,0.34173,,,0.52300
,,0.30983,,,0.38044
,,0.60535,,,0.33829
,,0.31874,,,0.37150
,,0.32568,,,0.23694
,,0.47318,,,0.37741
,,0.31304,,,0.64869
,,0.54040,,,0.33771
,,0.31116,,,0.70783
,,0.45856,,,0.54396
,,0.34187,,,0.49745
,,0.40873,,,0.41581
,,0.35252,,,0.70579
,,0.30939,,,0.50077
,,0.64574,,,0.32352
,,0.31300,,,0.55783
,,0.33395,,,0.73064
,,0.35114,,,0.38107
,,0.31366,,,0.42351
,,0.69827,,,0.36281
,,0.32215,,,0.80213
,,0.48210,,,0.44549
,,0.32714,,,0.59266
,,0.30789,,,0.53608
,,0.47901,,,0.37006
,,0.32072,,,0.46926
,,0.54290,,,0.49096
,,0.33491,,,0.76918
,,0.24277,,,0.50336
,,0.34100,,,0.54485
,,0.48749,,,0.40271
,,0.72518,,,0.37677
,,0.40897,,,0.46126
,,0.36832,,,0.24528
,,0.46654,,,0.48587
,,0.32403,,,0.51082
,,0.35310,,,0.34052
,,0.32704,,,0.36809
,,0.60049,,,0.35674
,,0.27137,,,0.47863
,,0.33910,,,0.27808
,,0.37804,,,0.63759
,,0.26690,,,0.45190
,,0.56194,,,0.20758
,,0.30782,,,0.44598
,,0.42028,,,0.47895
,,0.38727,,,0.89684
,,0.38269,,,0.65787
,,0.36742,,,0.60037
,,0.30591,,,0.46793
,,0.57989,,,0.64442
,,0.29463,,,0.59146
,,0.22299,,,0.58106
,,0.33155,,,0.86666
,,0.30786,,,0.48742
,,0.36974,,,0.54038
,,0.28976,,,0.41017
,,0.47262,,,0.35558
,,0.28969,,,0.74573
,,0.35954,,,0.24830
,,0.34226,,,0.59612
,,0.29242,,,0.39346
,,0.55668,,,0.25352
,,0.32932,,,0.42119
,,0.70963,,,0.70464
,,0.32748,,,0.63885
,,0.32376,,,0.41440
,,0.34985,,,0.52744
,,0.28485,,,0.47117
,,0.75435,,,0.38977
,,0.31103,,,0.61708
,,0.30645,,,0.65835
,,0.33120,,,0.55991
,,0.29817,,,0.40392
,,0.42798,,,0.30695
,,0.31064,,,0.39003
,,0.51781,,,0.43901
,,0.33087,,,0.52315
,,0.34083,,,0.81639
,,0.32667,,,0.54268
,,0.30244,,,0.42192
,,0.42341,,,0.32684
,,0.30381,,,0.53001
,,0.31421,,,0.43489
,,0.32928,,,0.58603
,,0.38974,,,0.48933
,,0.52906,,,0.29883
,,0.30436,,,0.53258
,,0.42043,,,0.55230
,,0.33687,,,0.88857
,,0.31845,,,0.50226
,,0.34386,,,0.44869
,,0.32327,,,0.36760
,,0.61041,,,0.33971
,,0.30979,,,0.67838
,,0.30087,,,0.33132
,,0.40296,,,0.62732
,,0.30864,,,0.49112
,,0.33677,,,0.68537
,,0.47257,,,0.46692
,,0.67863,,,0.36109
,,0.31696,,,0.35651
,,0.31343,,,0.35508
,,0.33459,,,0.36922
,,0.30353,,,0.51718
,,0.39812,,,0.37365
,,0.31230,,,0.61079
,,0.52050,,,0.58916
,,0.34138,,,0.49824
,,0.40269,,,0.54363
,,0.33709,,,0.37609
,,0.30713,,,0.52405
,,0.51815,,,0.33171
,,0.30972,,,0.35573
,,0.43704,,,0.55155
,,0.42298,,,0.44383
,,0.33355,,,0.52028
,,0.64349,,,0.69035
,,0.31332,,,0.36916
,,0.65684,,,0.44809
,,0.30165,,,0.35461
,,0.32267,,,0.20409
,,0.34022,,,0.46262
,,0.32523,,,0.53253
,,0.34740,,,0.35526
,,0.34291,,,0.42239
,,0.62525,,,0.34357
,,0.31101,,,0.46639
,,0.32467,,,0.29392
,,0.33894,,,0.37141
,,0.50904,,,0.53944
,,0.32788,,,0.45478
,,0.30892,,,0.42199
,,0.63856,,,0.38932
,,0.52065,,,0.36026
,,0.31816,,,0.91180
,,0.33548,,,0.47803
,,0.30925,,,0.39871
,,0.84183,,,0.29730
,,0.31051,,,0.41383
,,0.60084,,,0.82192
,,0.39996,,,0.60948
,,0.32292,,,0.46821
,,0.38313,,,0.77963
,,0.31455,,,0.35483
,,0.49812,,,0.33844
,,0.31240,,,0.34724
,,0.31554,,,0.21114
,,0.33748,,,0.44410
,,0.30361,,,0.38663
,,0.39476,,,0.32167
,,0.31827,,,0.39214
,,0.44051,,,0.50788
,,0.39240,,,0.76565
,,0.32640,,,0.42229
,,0.33629,,,0.57965
,,0.29032,,,0.37095
,,0.62940,,,0.33138
,,0.31521,,,0.68604
,,0.31684,,,0.38217
,,0.32839,,,0.60121
,,0.26785,,,0.48810
,,0.38448,,,0.75482
,,0.37369,,,0.44065
,,0.69962,,,0.32783
,,0.29962,,,0.47601
,,0.32299,,,0.24455
,,0.33288,,,0.74525
,,0.31351,,,0.70858
,,0.64672,,,0.40858
,,0.43463,,,0.47354
,,0.29064,,,0.28127
,,0.33243,,,0.36627
,,0.32382,,,0.50586
,,0.34896,,,0.37503
,,0.31946,,,0.39219
,,0.54743,,,0.38863
,,0.30597,,,0.49509
,,0.34599,,,0.47879
,,0.39815,,,0.36414
,,0.30962,,,0.49355
,,0.52205,,,0.35208
,,0.31694,,,0.65226
,,0.31284,,,0.21282
,,0.40593,,,0.62539
,,0.30034,,,0.40752
,,0.33290,,,0.61300
,,0.31017,,,0.54462
,,0.55564,,,0.33408
,,0.34271,,,0.68357
,,0.34196,,,0.57415
,,0.42835,,,0.58781
,,0.30858,,,0.85333
,,0.38290,,,0.40937
,,0.31308,,,0.63735
,,0.96459,,,0.45894
,,0.40419,,,0.69133
,,0.33061,,,0.49986
,,0.38161,,,0.81031
,,0.31114,,,0.76204
,,0.55734,,,0.34762
,,0.28600,,,0.59140
,,0.35771,,,0.84732
,,0.36838,,,0.40338
,,0.29449,,,0.45534
,,0.42067,,,0.15406
,,0.26707,,,0.42153
,,0.61903,,,0.49584
,,0.38650,,,0.60722
,,0.39656,,,0.73851
,,0.34427,,,0.48124
,,0.31643,,,0.40109
,,0.55215,,,0.41539
,,0.30235,,,0.70711
,,0.26319,,,0.51269
,,0.33616,,,0.63460
,,0.31845,,,0.41619
,,0.47227,,,0.38078
,,0.32406,,,0.48201
,,0.58726,,,0.33282
,,0.31738,,,0.61718
,,0.30784,,,0.22404
,,0.35037,,,0.78255
,,0.39904,,,0.40507
,,0.33593,,,0.64951
,,0.30172,,,0.49841
,,0.56306,,,0.33616
,,0.31961,,,0.63742
,,0.32472,,,0.38633
,,0.32401,,,0.60728
,,0.30646,,,0.41951
,,0.78839,,,0.50293
,,0.31833,,,0.43446
,,0.46110,,,0.70019
,,0.38436,,,0.47912
,,0.40102,,,0.41597
,,0.35341,,,0.34852
,,0.27289,,,0.41947
,,0.41481,,,0.29199
,,0.26615,,,0.41208
,,0.42653,,,0.51061
,,0.30236,,,0.58861
,,0.28689,,,0.43202
,,0.32490,,,0.76189
,,0.36394,,,0.34741
,,0.57948,,,0.30352
,,0.27334,,,0.61377
,,0.29691,,,0.17062
,,0.32606,,,0.69716
,,0.31135,,,0.48417
,,0.34585,,,0.111629
,,0.30610,,,0.37454
,,0.46953,,,0.29810
,,0.28452,,,0.77143
,,0.31048,,,0.30892
,,0.31334,,,0.61163
,,0.31760,,,0.47750
,,0.34155,,,0.51839
,,0.25852,,,0.38257
,,0.47386,,,0.30804
,,0.27499,,,0.59194
,,0.30075,,,0.50721
,,0.37071,,,0.57994
,,0.29048,,,0.46518
,,0.44834,,,0.16180
,,0.38381,,,0.45680
,,0.66737,,,0.31975
,,0.34308,,,0.69679
,,0.39934,,,0.71875
,,0.34009,,,0.46202
,,0.31309,,,0.42429
,,0.49785,,,0.32522
,,0.31860,,,0.36736
,,0.32827,,,0.21189
,,0.38641,,,0.56038
,,0.32734,,,0.43879
,,0.49253,,,0.43742
,,0.33549,,,0.36691
,,0.42020,,,0.34202
,,0.31141,,,0.72353
,,0.32286,,,0.38286
,,0.38984,,,0.68666
,,0.30621,,,0.41894
,,0.50912,,,0.60942
,,0.31544,,,0.38173
,,0.83821,,,0.46217
,,0.36045,,,0.82488
,,0.34675,,,0.45424
,,0.32948,,,0.39821
,,0.31075,,,0.49665
,,0.64105,,,0.33156
,,0.31291,,,0.63019
,,0.33288,,,0.22078
,,0.52609,,,0.97717
,,0.30762,,,0.51011
,,0.65946,,,0.33909
,,0.41114,,,0.47103
,,0.89245,,,0.61788
,,0.35412,,,0.118667
,,0.34758,,,0.53132
,,0.40415,,,0.35793
,,0.31132,,,0.36178
,,0.69572,,,0.32962
,,0.33939,,,0.49265
,,0.34145,,,0.54407
,,0.34531,,,0.41792
,,0.29685,,,0.42717
,,0.48879,,,0.45939
,,0.30222,,,0.48580
,,0.37918,,,0.23724
,,0.60888,,,0.50368
,,0.37662,,,0.67040
,,0.68168,,,0.30231
,,0.32270,,,0.55544
,,0.54020,,,0.47583
,,0.52558,,,0.65151
,,0.33453,,,0.62609
,,0.39350,,,0.96862
,,0.40956,,,0.42882
,,0.95763,,,0.33771
,,0.28559,,,0.67629
,,0.31494,,,0.14741
,,0.37616,,,0.74963
,,0.33559,,,0.49073
,,0.34066,,,0.32934
,,0.33900,,,0.40038
,,0.49589,,,0.32923
,,0.30336,,,0.70609
,,0.31650,,,0.35200
,,0.43637,,,0.71192
,,0.29807,,,0.53455
,,0.43480,,,0.25112
,,0.34154,,,0.47831
,,0.65841,,,0.33114
,,0.34174,,,0.66599
,,0.34235,,,0.61016
,,0.34507,,,0.41766
,,0.27326,,,0.42458
,,0.49481,,,0.29929
,,0.27307,,,0.74500
,,0.39770,,,0.50327
,,0.51848,,,0.59645
,,0.33947,,,0.48129
,,0.41270,,,0.37659
,,0.36185,,,0.62436
,,0.131967,,,0.75416
,,0.44783,,,0.65615
,,0.38741,,,0.87957
,,0.83974,,,0.78136
,,0.35230,,,0.61259
,,0.55335,,,0.53562
,,0.38734,,,0.66589
,,0.32546,,,0.54847
,,0.40661,,,0.60583
,,0.46448,,,0.56038
,,0.52670,,,0.48862
,,0.35633,,,0.62285
,,0.31549,,,0.38011
,,0.49264,,,0.18261
,,0.31464,,,0.51066
,,0.47281,,,0.62546
,,0.33755,,,0.63119
,,0.32575,,,0.82107
,,0.39834,,,0.75584
,,0.37535,,,0.42905
,,0.54570,,,0.33698
,,0.30591,,,0.65293
,,0.31399,,,0.51029
,,0.34049,,,0.72982
,,0.30611,,,0.60503
,,0.41114,,,0.32965
,,0.38502,,,0.1491413
